Rank,Target sequence,Genomic location,Strand,GC content (%),Self-complementarity,MM0,MM1,MM2,MM3,Efficiency,Batch Zone
16,AACGGGGCACGTAATATTTCAGG,chr13:39277049,+,45,0,0,0,0,4,31.15,chr13:39276927-39277227
11,GTCCGATGACGTCTTTCTGGTGG,chr22:2937520,+,55,0,0,0,0,5,61.14,chr22:2937358-2937658
2,TACGAAGTTGAAGGGCTCGAAGG,chr13:4671746,-,50,0,0,0,0,0,63.54,chr13:4671623-4671923
24,TTTTATGTAGTGCTTAAAATTGG,chr19:17210634,-,20,0,0,0,0,25,30.47,chr19:17210578-17210878
8,TTGATGAAGTAGATGCGACATGG,chr20:3004096,-,40,0,1,0,1,1,69.91,chr20:3003959-3004259
16,TCTAGGGCATTACTTTAAAAAGG,chr7:18364277,+,30,0,1,0,1,9,30.11,chr7:18364019-18364319
16,TGATGAGAACTTTCGGTAGCGGG,chr13:36680349,-,45,0,0,0,0,2,49.85,chr13:36680317-36680617
11,CACCGGCCACAAACCGCCGCGGG,chr11:42418337,+,75,1,0,0,0,0,47.45,chr11:42418216-42418516
25,GTGAATAAATGTTATTTTTGGGG,chr12:999890,-,20,0,0,3,31,234,44.54,chr12:999613-999913
5,GACCACCTATCCCTAGTTGTAGG,chr5:38824458,-,50,1,1,0,0,0,49.93,chr5:38824272-38824572
14,GAGGGGTCCCGAGAGAGCAAGGG,chr2:44282833,+,65,0,2,0,1,0,66.72,chr2:44282760-44283060
31,AGGGAGAGAGGATGAGGGAGGGG,chr5:9348285,-,60,0,0,0,43,273,39.29,chr5:9348135-9348435
16,TCGAATGAAATTTAGTGGAAGGG,chr12:17927847,-,30,0,0,0,0,7,50.22,chr12:17927739-17928039
17,GACGAGGCAAAGGCGGCAAAGGG,chr5:27429917,+,60,0,0,0,1,5,52.27,chr5:27429723-27430023
30,CTTTCAATCTACATTAAAATCGG,chr12:28537690,+,20,0,0,0,0,18,34.76,chr12:28537396-28537696
7,CTGAGTACTCTTTTCCGTAATGG,chr20:34711641,+,40,0,0,0,1,1,47.3,chr20:34711348-34711648
32,ATTAATTGGTTTCCTGCTATTGG,chr24:744558,+,30,0,0,0,1,14,39.83,chr24:744564-744864
4,CTCGAGTTAACAGTTCAAATAGG,chr15:34592112,+,35,0,0,0,0,0,45.06,chr15:34592047-34592347
11,AAATTATGGCATGCGGCCAGCGG,chr17:30369364,+,50,1,0,0,0,1,61.27,chr17:30369247-30369547
40,GGGGTTTGTCAGGGCAGAGGAGG,chr15:3736819,-,65,0,0,0,2,5,40.43,chr15:3736626-3736926
12,GTAGATGGTGTTAATATTACTGG,chr11:8152952,-,30,0,0,0,0,15,35.84,chr11:8152733-8153033
25,AGCCTAAAAATAACACACTCAGG,chr23:30730315,+,35,0,1,0,2,6,55.3,chr23:30730074-30730374
21,GCGCCATCTTGAGGAGAGAACGG,chr8:2757788,+,55,0,0,0,0,3,60.73,chr8:2757690-2757990
29,AGAAAGACTTGTCATAAATTTGG,chr9:45605278,+,25,0,0,0,0,13,33.49,chr9:45605286-45605586
15,TGTTACGTAATGACGTCTACAGG,chr13:36034732,-,40,1,0,0,0,1,52.58,chr13:36034452-36034752
15,TTTAGCAGCAGACTTCTTCCTGG,chr7:73822103,-,45,0,1,0,0,0,37.15,chr7:73821869-73822169
4,TTTCTCGTGTCAGCAGTAGGGGG,chr24:2933548,+,50,0,0,0,0,3,67.97,chr24:2933434-2933734
9,CTCCTCAGTACATGCAATAGTGG,chr11:26590390,-,45,0,0,0,0,1,45.72,chr11:26590221-26590521
20,AAGAACCAACGATAAAACCAGGG,chr7:26627068,+,35,0,0,0,0,5,72.56,chr7:26627087-26627387
17,TTAAAAGGCGTGGCGTGAAGCGG,chr8:25846231,-,50,0,0,0,0,6,56.51,chr8:25846050-25846350
14,AACAGTAGCTAAAAGGGCAATGG,chr17:14451810,-,40,0,0,0,3,1,53.89,chr17:14451509-14451809
36,GGAGGCAGGACAGAGGAGAAGGG,chr22:26400604,+,60,0,0,1,0,15,62.49,chr22:26400390-26400690
9,GGTTCAGTAACACTTTAGCCTGG,chr2:6253341,+,45,0,0,0,0,2,55.46,chr2:6253139-6253439
10,TATTTGATTAATTTCGTGTTTGG,chr19:46222298,+,20,0,0,0,3,11,36.45,chr19:46222265-46222565
11,TATGACAGCTCACCTCTGAAGGG,chr4:1824708,+,45,0,0,0,2,8,59.74,chr4:1824681-1824981
7,ATACTGGTGCCCGTAGTATGTGG,chr24:14240109,+,50,0,1,0,0,0,53.57,chr24:14240030-14240330
28,CTATACATTTTTATCTGTTTAGG,chr7:44715075,-,20,0,1,0,7,27,27.45,chr7:44715080-44715380
8,GATGGGAAGTATTTACCTTCAGG,chr14:7374894,+,40,1,0,0,0,3,37.22,chr14:7374879-7375179
6,CGTCTTTTTCTTTGGTAACATGG,chr24:9693975,-,35,0,0,0,0,3,37.17,chr24:9693858-9694158
35,TTGTTGGATGCTAGATGGGCGGG,chr1:45707137,+,50,0,0,0,0,7,39.81,chr1:45707049-45707349
9,CGCTTATAACGCACTTATGAAGG,chr6:59176513,-,40,0,0,0,0,1,34.69,chr6:59176286-59176586
4,TTATTCAACTAACGCACTTCAGG,chr18:29898896,+,35,0,0,0,0,3,27.72,chr18:29898828-29899128
18,GATGGCTGCGGGAAACACTGAGG,chr20:188610,-,60,0,0,0,0,5,69.21,chr20:188521-188821
6,TCCTCTTTCGCTCAGGTGACTGG,chr2:3044886,+,55,0,0,0,0,1,36.34,chr2:3044778-3045078
27,AATAATCCGAGCAGCATGTCTGG,chr22:5663676,+,45,0,0,1,7,149,43.65,chr22:5663502-5663802
29,GGATCGGCCGCCTCAGGATGTGG,chr25:37331246,-,70,0,0,0,0,4,44.01,chr25:37331227-37331527
17,TGCCCCTGATCCTCCACTGTAGG,chr12:35988647,+,60,0,0,0,0,5,53.69,chr12:35988427-35988727
21,TGTAAGTTAAAATAAATACCCGG,chr7:40959886,-,20,0,1,0,1,11,67.09,chr7:40959656-40959956
9,TCGGGATGTGACCCCGGAACAGG,chr23:29751700,-,65,0,0,0,0,0,45.44,chr23:29751592-29751892
53,TGTGAGGATGGGGGTGGTGGAGG,chr13:18835400,-,65,0,1,1,8,103,26.95,chr13:18835132-18835432
10,GTCTAGCAGCAAATTCTTTTAGG,chr6:21534195,-,35,0,0,0,0,9,20.5,chr6:21534075-21534375
31,AACATTGTAAAACGGTTAATCGG,chr5:51226695,+,25,0,1,0,0,11,30.16,chr5:51226713-51227013
24,GGGGACTCTGGTGGAGCGGGAGG,chr23:18568361,-,75,0,0,0,0,9,32.4,chr23:18568372-18568672
24,GCGGCTCTTCAGTGCTCCTGCGG,chr10:17748006,+,65,0,0,0,2,3,65.74,chr10:17747709-17748009
34,GGAAGAGGCTCGTGTTCGCTCGG,chr13:45582484,+,60,0,0,0,0,2,45.31,chr13:45582233-45582533
13,ATGACGAAGCCTCTGTGACGTGG,chr2:37176715,+,55,0,0,0,0,2,63.53,chr2:37176688-37176988
12,TCTACACAACAGTCACTCTTTGG,chr25:6186896,+,40,0,0,0,0,2,29.54,chr25:6186671-6186971
28,GTGAGTTGCAAATGATGATATGG,chr8:15277797,-,35,0,0,0,1,7,40.52,chr8:15277767-15278067
10,GAGCCACTTCCGCTACACACGGG,chr20:44582271,-,60,0,0,0,0,1,65.49,chr20:44582169-44582469
39,ACATTTTCACCTTATTCAAATGG,chr2:47472057,+,25,0,0,0,0,21,33.51,chr2:47471805-47472105
8,TGAGCTGCACTGACACCTACTGG,chr12:18529270,+,55,0,1,0,2,6,52.75,chr12:18529199-18529499
4,GCCCGGTCGATTGGTTTCATCGG,chr15:8856230,-,55,1,0,0,0,0,42.24,chr15:8856229-8856529
7,TAAAGGCGCGAGGGGAAGAAGGG,chr6:24392482,-,55,0,2,0,0,0,53.95,chr6:24392252-24392552
21,TGTAGTGCTGCAGTAACGAGTGG,chr23:6232896,+,50,0,0,0,0,8,67.39,chr23:6232758-6233058
19,AGTCTAATTATTATTCAGTGTGG,chr9:12444435,+,25,0,0,0,0,3,67.88,chr9:12444388-12444688
7,AGTAGTGACGAATGGGACATTGG,chr18:20673967,-,45,0,1,0,0,1,56.95,chr18:20673961-20674261
4,CTTCGTCATTGGCCAGGCTTGGG,chr9:41914300,-,55,0,0,0,0,0,38.44,chr9:41914252-41914552
4,GCACGGGGGAAACTTTGAGCAGG,chr2:2967176,-,60,0,0,0,0,1,57.8,chr2:2967106-2967406
37,ACGCACAAGATGTGGCGGATAGG,chr8:14986963,+,55,1,0,0,0,5,61.22,chr8:14986955-14987255
25,TTTTATTATTATTTACTATCAGG,chr13:42674348,+,10,0,0,0,6,122,23.91,chr13:42674095-42674395
3,TAGTAGGTTATTGTGAACAAGGG,chr1:8652587,+,30,0,1,0,0,0,51.45,chr1:8652499-8652799
24,TCCTATAAAAGGATGTTCGGCGG,chr24:32176287,+,40,1,0,0,0,2,64.42,chr24:32176048-32176348
10,ATCAGTTCCGTAAAGTAGTCAGG,chr20:27749216,-,40,0,1,0,0,3,40.83,chr20:27749020-27749320
12,GCCAGAATTGAGGAAACCCATGG,chr16:4654515,+,50,0,0,0,0,1,64.62,chr16:4654271-4654571
22,CCTCACGGCAAAAAGAGGGCGGG,chr6:7720316,+,60,1,0,0,8,225,56.52,chr6:7720183-7720483
27,CAGTAAATAATTTCCCTTTAGGG,chr4:5831641,+,25,0,0,0,0,20,22.48,chr4:5831386-5831686
30,AGAAGACTGAAACTGAGAAGAGG,chr21:25688333,-,40,0,0,0,1,16,56.64,chr21:25688250-25688550
33,CTGTTCACCAAGCCAATGTAGGG,chr15:23646939,+,45,0,0,0,0,6,47.04,chr15:23646819-23647119
42,GGGAAAAGAGGTGTGGAAGCTGG,chr11:23219292,+,55,0,0,0,0,11,50.66,chr11:23219199-23219499
9,GTAAACTTTTATGCTCCTGGCGG,chr16:32131753,-,40,0,0,0,0,1,65.27,chr16:32131512-32131812
27,GGCTCCTTTCTTTAGCCCTATGG,chr7:54677397,+,50,1,0,0,0,2,41.47,chr7:54677230-54677530
3,GTTCACGAACACATAGGGGGGGG,chr13:6219658,-,55,0,0,0,0,0,61.27,chr13:6219443-6219743
26,CGAGAGAGGAGGCTGATGGAGGG,chr3:50201350,-,60,0,1,0,0,6,54.98,chr3:50201232-50201532
20,GGTGAACAGGTGTTTGAGTCAGG,chr10:22150298,-,50,0,1,0,0,6,36.1,chr10:22150190-22150490
27,AAAATAGAGAGTCACTATGAAGG,chr1:11075504,+,30,0,1,0,0,9,53.16,chr1:11075236-11075536
7,TCTGGAGCAGTCATAGAGGTGGG,chr22:18491680,+,50,0,0,0,1,0,63.71,chr22:18491664-18491964
23,TGGATGTAGTTTGAAAGTGGCGG,chr14:28486295,-,40,0,1,0,0,4,68.01,chr14:28486097-28486397
6,CGAAAGAGAGCGCCGACTTCAGG,chr21:26028253,+,60,0,0,0,0,1,32.27,chr21:26028083-26028383
34,TTTCTCTGCCCTTGACAAATTGG,chr16:32749431,+,40,0,0,0,0,5,24.12,chr16:32749443-32749743
9,TCCACTTCTGGTACAGAAGGCGG,chr6:18128882,-,50,2,1,0,1,1,64.79,chr6:18128636-18128936
21,AGCTGAAGACGTAAGGAATGGGG,chr9:14137213,-,45,0,0,0,0,3,64.13,chr9:14137118-14137418
18,ACTTCGGAAACAAAATGGGAGGG,chr13:37520123,+,40,0,0,0,2,0,61.0,chr13:37519917-37520217
24,TGTTTGAGGAGTGCAGATACCGG,chr23:31933728,+,45,0,0,0,0,7,55.86,chr23:31933430-31933730
28,AACACAGAGAAGAAACGAGAGGG,chr13:16522518,+,40,0,0,0,1,12,62.83,chr13:16522280-16522580
13,CTCGAGCTCTGATAGGTCGCCGG,chr15:25489347,-,60,0,0,0,0,1,43.89,chr15:25489281-25489581
25,TTGCGTTTTGTTCAAGCAGGCGG,chr13:30006126,-,45,0,0,0,0,6,57.83,chr13:30006111-30006411
17,GACAACTGCAATACAGTGGAAGG,chr3:49163664,-,45,1,0,0,1,4,57.77,chr3:49163565-49163865
13,AAGCGCTATATGCTGGCATCTGG,chr7:24152962,+,50,1,0,0,0,2,41.97,chr7:24152923-24153223
3,CGAGCGGGAACGCGACCAAACGG,chr22:5663212,-,65,0,0,0,0,0,44.28,chr22:5663189-5663489
5,GTTACGTTCAGATGTCCGTCTGG,chr13:22821836,+,50,0,2,0,0,1,54.46,chr13:22821583-22821883
8,ATTTATCTAGATCTGCTGTGTGG,chr17:43517658,-,35,0,0,0,0,2,64.85,chr17:43517367-43517667
8,GTGCCCCGCCCATAAGGGGAGGG,chr13:47403480,+,70,1,0,0,0,1,52.43,chr13:47403295-47403595
18,ACACAGACATGCCTGCTGGCGGG,chr25:14424503,-,60,0,1,1,2,55,52.85,chr25:14424228-14424528
18,CTGCCACTGGAAATCGAAATCGG,chr13:48431726,-,45,0,0,0,0,3,45.31,chr13:48431555-48431855
2,GAAGAGGGAAATTTGAAACTGGG,chr20:32149032,-,35,0,0,0,0,0,51.09,chr20:32148866-32149166
37,CTCCGGGCAGAAGTCCATCCAGG,chr10:4961757,-,65,0,2,0,0,33,49.76,chr10:4961736-4962036
5,GTCTCGTGTAAAGGAGCGCACGG,chr13:13294715,+,55,0,0,0,0,0,56.09,chr13:13294715-13295015
20,CATTTCCTGGATTCCTTGACAGG,chr3:40796117,+,45,0,0,0,0,2,42.31,chr3:40795988-40796288
22,ACATTTAAAAAAGCCAAACAAGG,chr4:76705972,-,25,0,3,0,1,57,66.64,chr4:76705689-76705989
21,TGAATTGGCCTGATAGGTCGAGG,chr22:4649290,+,50,0,0,0,0,2,52.45,chr22:4649093-4649393
25,CTTAGTCACTTTATTGATCCGGG,chr11:779621,-,35,0,4,368,392,>=0,36.93,chr11:779586-779886
7,GAAGCCTATCCGTGACTCTTTGG,chr15:23908576,+,50,0,0,0,0,0,36.71,chr15:23908589-23908889
23,CTTTGTTCAGTAGTTTTGGTCGG,chr19:22386996,+,35,0,0,0,0,11,56.84,chr19:22386961-22387261
39,TTGGGGGGGGGGGGGGGGGGGGG,chr13:25197965,-,90,0,323,39,0,>=0,10.86,chr13:25197915-25198215
40,TTATCTGACTTTCAGCTTCCTGG,chr21:19018590,+,40,1,0,0,0,5,26.37,chr21:19018319-19018619
4,CTTCCTCCTAGATTCACGCCGGG,chr15:38221218,-,55,0,0,0,0,1,57.41,chr15:38221067-38221367
22,CCTCAAAACCTTCCTCCCATTGG,chr1:11075227,+,50,0,1,0,0,5,53.93,chr1:11075236-11075536
17,GCGATTCCCGGATAAGGAAATGG,chr3:23721638,-,50,1,0,0,0,1,47.78,chr3:23721628-23721928
23,GCTGCGTGCACGCGCCTGAACGG,chr23:38159762,+,70,1,0,0,0,39,47.63,chr23:38159603-38159903
21,TGGCGTCCGTGTGTTGATATAGG,chr6:11812098,+,50,0,0,0,0,2,37.51,chr6:11811940-11812240
5,GTAACGTCGGATCTGAGGAACGG,chr11:27702526,-,50,0,0,0,0,0,65.44,chr11:27702480-27702780
21,GACGGCATGCACTAAATTCCAGG,chr10:6383194,-,50,0,2,43,51,46,36.76,chr10:6383128-6383428
15,AAGCAACCTATATAGTGGCATGG,chr18:40708589,-,40,0,0,0,1,2,57.31,chr18:40708370-40708670
15,CCTCCAGTTCTGAATCAAGCTGG,chr11:25384095,+,50,0,1,0,0,5,53.14,chr11:25384064-25384364
18,TCTGCTCATAAAAACAATCCCGG,chr1:25486378,+,35,0,1,0,0,16,58.91,chr1:25486355-25486655
40,GGCTCCACGGCGCCTCCAGCAGG,chr4:1684395,+,80,0,0,0,0,4,27.9,chr4:1684198-1684498
19,CATGTAGAGTTGCAGAATTGCGG,chr5:69786043,-,40,0,0,2,0,10,60.81,chr5:69785906-69786206
26,TCGTAGTCATAACAACAAAAGGG,chr3:18737142,+,30,0,0,0,0,7,52.58,chr3:18736975-18737275
1,AGGTGAGCGTCAGTTCACAGTGG,chr23:10137367,+,55,1,1,0,0,0,75.76,chr23:10137173-10137473
5,ACTGGGAAGTGACGTCAAGAGGG,chr19:20785694,-,50,0,0,0,0,0,63.58,chr19:20785573-20785873
30,GATATGGAAGGAGAAGCGGAGGG,chr16:24681026,+,50,0,0,0,0,4,63.64,chr16:24681045-24681345
2,CGCCGGTCGCGTGAGCGGGACGG,chr14:33095759,-,80,0,1,0,0,0,44.38,chr14:33095762-33096062
4,GCTACAACCACCATCTGATAAGG,chr25:17367650,+,45,0,0,1,0,1,44.87,chr25:17367425-17367725
13,AGCACATTTGTCCTGCATATCGG,chr17:34244481,+,40,0,0,0,0,4,50.69,chr17:34244210-34244510
26,GGTCAGCTGACATTTCTGTGTGG,chr16:52540270,-,50,0,29,329,140,>=0,67.27,chr16:52539980-52540280
3,GGGTAATGTCGTCCAACCATAGG,chr5:68074636,+,50,0,0,0,0,0,61.01,chr5:68074440-68074740
2,ACCGACACATAAACATCGCGTGG,chr24:4373161,+,50,0,0,0,0,0,64.16,chr24:4372925-4373225
25,TGTTCACAGGCTTCTCCGCAAGG,chr25:35047729,-,55,0,0,6,11,5,51.47,chr25:35047718-35048018
34,GAAAAAACACAAGCTGGCGGGGG,chr4:10604150,-,50,0,0,0,1,7,51.04,chr4:10604033-10604333
35,TTTTACTAAAAGAAAAGTAAAGG,chr24:20372617,+,15,0,0,0,0,49,45.95,chr24:20372409-20372709
3,TACGAACACGTCATGACGACAGG,chr10:20106009,+,50,1,2,0,0,0,55.85,chr10:20105866-20106166
9,TGGAAGAGGCAAAGGCGGTAAGG,chr25:35056626,+,55,0,2,0,0,1,50.85,chr25:35056431-35056731
1,CAATGCTATTGGACGACATGAGG,chr13:1100105,-,45,0,0,0,0,0,60.51,chr13:1100041-1100341
10,GCAATGCAGCGAGCCGCGACAGG,chr12:1469219,-,70,0,0,0,0,0,39.52,chr12:1468932-1469232
19,CGTGGCGTTTGACAGGATGATGG,chr5:32924556,-,55,0,2,0,0,3,45.67,chr5:32924520-32924820
8,GAAGTAGGAAAGATGCGTCACGG,chr17:10074323,+,45,0,0,0,0,3,63.09,chr17:10074210-10074510
6,ACAGACGAGAAATACGCGACAGG,chr1:20911163,-,50,0,2,0,0,1,60.44,chr1:20911141-20911441
23,GTCTCCACACTCACTCTATCAGG,chr14:30704034,-,50,0,0,0,0,3,42.57,chr14:30703901-30704201
27,ACAGGGGTGAAGTACGGAAAAGG,chr24:39537440,-,50,0,0,0,0,5,47.77,chr24:39537414-39537714
12,GTGGCTCCTTACTGAAGCGCTGG,chr23:5595813,+,60,0,0,0,0,1,48.1,chr23:5595696-5595996
24,GCGTCTTCTGTTTGGGCAGCTGG,chr21:1742359,+,60,0,0,0,0,3,31.43,chr21:1742218-1742518
18,ATAGAAATTGGGTTTATTTCAGG,chr9:27329745,+,25,0,0,1,0,23,21.93,chr9:27329525-27329825
8,TGAATAATTGGGGGAGGATCAGG,chr15:5901946,+,45,0,1,0,0,5,42.95,chr15:5901825-5902125
32,GAGGGCAGGTTCTGCTGGTCGGG,chr20:32756695,+,65,1,0,0,0,4,30.05,chr20:32756614-32756914
5,AACCTTGGTAGATAGTTATTCGG,chr9:29520794,+,30,0,1,0,0,1,29.61,chr9:29520636-29520936
27,GCGAAGACTGCACCCAAGAAGGG,chr7:5977746,+,55,0,5,5,7,6,47.24,chr7:5977558-5977858
8,TGCGTCCATGGTGCCCCGAAGGG,chr7:65122021,-,65,0,0,0,0,0,54.77,chr7:65121744-65122044
28,ATCAGTCACTGACACACACGTGG,chr5:3927698,+,50,3,0,0,1,28,62.74,chr5:3927561-3927861
7,TTGACTTCGGCAGGATATTTAGG,chr13:22862093,+,40,0,2,0,0,4,24.69,chr13:22861977-22862277
4,GCGGGGTGTAGAGCTCCCGGCGG,chr11:1871515,+,75,1,0,0,0,0,66.77,chr11:1871429-1871729
35,AAGATTAAAATTGCCTTGTTCGG,chr1:23595747,-,25,0,3,0,0,8,31.27,chr1:23595750-23596050
16,ATAGACACTGAAAAAAGTACTGG,chr12:27212961,+,30,0,1,0,0,23,49.75,chr12:27212673-27212973
22,TGTGTGTGATTCTGGTCTCCAGG,chr2:9646902,-,50,1,0,0,2,13,37.28,chr2:9646739-9647039
20,TCTCTTTACTCCATCTCAGCAGG,chr8:45430922,-,45,0,0,0,2,8,45.51,chr8:45430698-45430998
42,TGCTTGTGTGTGCGAGAGACAGG,chr7:18554534,+,55,0,0,0,4,60,52.93,chr7:18554377-18554677
14,GCACTTGTGAATGTGCCTGCTGG,chr21:11916750,+,55,1,0,0,0,3,43.27,chr21:11916650-11916950
5,AGCTCGTACCATCGTTTTGGGGG,chr1:26062735,+,50,0,0,0,0,1,59.47,chr1:26062656-26062956
29,ATTATGAGGAAAATGTTTCATGG,chr9:13120258,-,25,0,0,0,0,16,44.99,chr9:13120270-13120570
15,GGAAGCGCGCGCACGGAAGGGGG,chr15:40665301,-,75,0,0,0,0,0,29.86,chr15:40665245-40665545
16,AGCGCGACCGGAGAGGCGAGTGG,chr20:54198086,-,75,0,0,0,0,1,52.07,chr20:54197995-54198295
24,TTTATTATTATTTACTATCAGGG,chr13:42674349,+,10,0,0,2,14,>=96,36.11,chr13:42674095-42674395
28,AGCTTAAACTGACCCATGTCCGG,chr3:21348495,-,45,0,0,0,0,3,49.73,chr3:21348216-21348516
11,ACTGGCAACAAGATGGCGATTGG,chr21:39462517,-,50,0,0,0,0,0,51.97,chr21:39462370-39462670
3,GCAAGTAGAGGACGGCGAGTTGG,chr4:23125652,-,60,0,1,0,0,0,49.98,chr4:23125615-23125915
27,GCAGGGTTTCTGCTGAAGGACGG,chr17:19630260,-,55,0,0,0,2,6,51.92,chr17:19630120-19630420
18,CTCTCACTCTTTGTTTTGATTGG,chr3:18756136,+,35,0,0,0,3,11,23.51,chr3:18756101-18756401
2,TACTTCCTGCAATAGTGAATGGG,chr6:36844148,-,35,0,0,0,0,0,39.38,chr6:36844021-36844321
3,AGTTATATCACTAACCCCTAGGG,chr5:32831359,+,35,0,2,0,0,0,66.77,chr5:32831373-32831673
17,AGTTGGGATAAATGTAGCTCAGG,chr6:7718264,+,40,0,0,0,0,2,44.93,chr6:7718024-7718324
22,GGCTCAGTGCGCATGCGCAGCGG,chr2:22795492,-,70,2,0,0,0,5,52.57,chr2:22795405-22795705
8,CATCTGAGCGCACGCAGCTGAGG,chr1:157546,+,65,0,0,0,0,2,53.42,chr1:157412-157712
12,CTCTCTCGGGTGTTTCATTTTGG,chr5:22836205,-,45,0,1,0,0,2,24.21,chr5:22836203-22836503
27,ATGAGAGCTCCGCGGCAGTGAGG,chr6:149312,+,65,0,0,0,0,2,65.8,chr6:149284-149584
6,TCTCACATTTCCGGCTAAATTGG,chr7:73821880,-,40,0,0,0,1,0,16.59,chr7:73821869-73822169
14,GTCTAGTTACTGCGCCATTTTGG,chr22:37834432,+,45,0,0,0,0,1,19.75,chr22:37834182-37834482
18,TATTTTATTACCTGTCTGAGCGG,chr18:809055,-,30,0,0,0,1,7,68.23,chr18:808793-809093
13,CCTCGTGTTAAAGCTCCTGCAGG,chr12:31638017,+,55,0,0,0,0,2,50.15,chr12:31637964-31638264
22,TCCACCGAGCGCGGAGCTTCGGG,chr13:826083,+,70,0,1,0,1,0,30.52,chr13:826076-826376
1,GACGACTTGCCATGCTAACGGGG,chr19:1405638,-,55,0,0,0,0,0,66.97,chr19:1405419-1405719
42,CTGAGGGCAGTCAGAGGGGGAGG,chr8:4508325,-,70,0,0,0,0,8,31.89,chr8:4508041-4508341
19,TTTTCTTTCCTTTCCTGTTTCGG,chr21:33454121,+,30,0,0,0,3,84,25.06,chr21:33453980-33454280
13,CAGGATGAAGCAGCAGCAGGAGG,chr4:77960390,+,60,0,0,1,0,17,43.38,chr4:77960263-77960563
2,CGCAGGGCTTTCTCAATCTCAGG,chr24:2312724,-,55,0,0,0,0,1,42.07,chr24:2312734-2313034
14,GGTGAATCAGCTGTTTCCGGTGG,chr22:94566,+,55,0,0,0,0,3,64.74,chr22:94425-94725
24,GGTTTCCAGCGGTGTTCTGTGGG,chr18:2837663,-,55,0,0,0,0,6,54.61,chr18:2837491-2837791
22,AAAAAGACGCGCTTCTTCTACGG,chr20:54079326,-,40,0,0,0,0,3,38.77,chr20:54079225-54079525
6,AAGCTGGAGAGTTTAAAAGGCGG,chr7:5912988,+,40,0,0,0,0,3,76.06,chr7:5912882-5913182
23,GTTTCTGATGTGTGATGGCGAGG,chr16:13595086,+,50,0,1,0,0,5,47.91,chr16:13594877-13595177
11,GTGGTGATTTGAGCACCTTACGG,chr8:27858618,+,45,1,2,0,0,2,52.3,chr8:27858319-27858619
22,TCAGTACTTACTGATGTTTCAGG,chr25:4635405,-,35,1,0,0,0,14,17.88,chr25:4635181-4635481
24,CAAACCCCTCTGTGTGATAGCGG,chr7:69529045,-,50,0,0,0,0,3,55.45,chr7:69528778-69529078
11,GTCATAGGTGAAATATTTAGCGG,chr8:36570526,+,30,0,0,0,0,10,53.78,chr8:36570380-36570680
29,GGATATGCAAAGAAAACACATGG,chr5:45322605,-,35,0,0,0,1,25,65.56,chr5:45322590-45322890
15,AGGCTGTTGTCATGGAGAGCTGG,chr9:27868089,-,55,0,1,0,2,8,53.91,chr9:27868109-27868409
6,GTTACTCTGCTTCACGCGTGGGG,chr5:29714733,+,55,0,2,0,0,1,53.43,chr5:29714640-29714940
15,CTACACTGACGTTTAGCGGCCGG,chr14:28486146,-,55,0,1,0,0,2,52.62,chr14:28486097-28486397
4,AACCTTCTGTGGGACCGCTCCGG,chr4:73773847,+,60,0,1,0,0,3,47.92,chr4:73773729-73774029
26,AGCGCTCTTCCGGGCTGCTTTGG,chr25:35120602,+,65,0,0,0,3,28,32.9,chr25:35120587-35120887
19,TCTGATTATCAAATGACGCCTGG,chr14:20929720,+,40,0,0,0,0,4,50.31,chr14:20929715-20930015
39,TGGCCTAGAGGGAGGGGGGAAGG,chr23:9860096,-,70,0,0,0,0,14,39.47,chr23:9859840-9860140
29,TTTCTCCCTCCCGCTAAATTTGG,chr23:31815404,-,45,0,1,0,0,4,32.26,chr23:31815319-31815619
2,GAGCTGCGTTGGGTTGTTGGAGG,chr3:10634429,+,60,0,0,0,0,0,47.81,chr3:10634347-10634647
9,TGCACACGATGACGCGTTTCCGG,chr15:26539002,+,55,0,0,0,0,1,20.78,chr15:26538820-26539120
5,AGCCGTTCCAAGAGGCTTTAAGG,chr21:32081376,-,50,0,0,0,0,0,28.6,chr21:32081387-32081687
10,GCAGTAGACAAGCAGGAGTCGGG,chr15:32798390,+,55,0,0,0,0,4,47.71,chr15:32798235-32798535
3,CGACAAGTGTTTAAATCCGCAGG,chr25:6450981,+,45,0,0,0,0,0,58.0,chr25:6450934-6451234
1,GTAGACCAGCTTAGGTCAGACGG,chr12:18568731,+,50,1,0,1,0,0,63.65,chr12:18568673-18568973
28,ATATCACTGGCTATATTTACGGG,chr19:41069641,+,30,0,0,0,0,6,31.19,chr19:41069428-41069728
27,TGACGCTGAACCCATTGTTCAGG,chr17:33415818,-,50,2,0,0,1,6,38.55,chr17:33415609-33415909
2,ACATATACAACAGCGATCTGTGG,chr8:17838998,-,40,1,1,0,0,0,66.43,chr8:17838829-17839129
15,CTGCATAGACACTTATCAAGGGG,chr21:22558319,+,40,0,0,0,0,6,64.08,chr21:22558127-22558427
11,GGAAGAGCTCAATCCGCAGCGGG,chr22:29640204,+,60,0,2,0,0,1,56.3,chr22:29640032-29640332
3,ACTCGGTATTTCTGATTGGCTGG,chr23:18381352,-,45,0,0,0,0,1,44.79,chr23:18381151-18381451
15,AGCTGAAATCTTTAGTAGGGCGG,chr3:20982828,+,40,0,0,0,0,12,60.71,chr3:20982552-20982852
23,CACATATAGATATTAACTTTTGG,chr20:50051948,-,20,0,0,1,4,20,29.75,chr20:50051885-50052185
6,GTAAAGAAATATATCGCTGCTGG,chr17:30863349,-,35,0,0,0,0,0,43.42,chr17:30863103-30863403
9,CCACTGAAAACGCGGAGAGAGGG,chr14:42172420,+,55,0,1,0,0,3,44.96,chr14:42172211-42172511
12,TTAACCTATAGTAACCGCTTGGG,chr20:5369279,+,35,0,0,0,0,1,55.21,chr20:5369009-5369309
8,ATCTGTTTCATGCTGCACGCGGG,chr5:15283486,-,50,0,0,0,0,4,51.94,chr5:15283359-15283659
29,ACATAAACAACATCATACGACGG,chr21:36453293,+,30,0,0,0,0,9,72.84,chr21:36453276-36453576
38,TCTAGCAACAACCGTGTGTCAGG,chr9:41821490,+,50,0,0,0,2,12,45.4,chr9:41821464-41821764
12,TACAGATCCGTGAGTAACGGAGG,chr20:52314129,+,50,1,0,0,0,1,68.81,chr20:52314136-52314436
8,TGAATGAGGAAGTAAAAGGGCGG,chr12:48816170,-,40,0,0,0,0,7,65.69,chr12:48816043-48816343
28,ATAATGAATTATTCATTAGTAGG,chr22:14836190,+,15,0,0,0,2,26,42.66,chr22:14836126-14836426
12,TGTATTTGTATTGATATCCTTGG,chr13:8692700,-,25,0,2,0,0,14,50.11,chr13:8692707-8693007
9,TTTCATACGCTACTCTCAATAGG,chr14:31473995,-,35,0,1,0,0,4,36.07,chr14:31473727-31474027
7,GGTCGAGAGGAGGCGCGTCCCGG,chr9:23118390,+,75,0,0,0,0,1,43.5,chr9:23118179-23118479
7,ATCACAGTTAAGGGTCGAGACGG,chr3:25273661,-,45,0,0,0,1,5,61.71,chr3:25273521-25273821
13,TCTATTTCAAAGATAGGAGGCGG,chr21:2360995,-,35,0,0,0,1,5,61.6,chr21:2360756-2361056
28,TTCTACCACTTTCCTACAACAGG,chr13:36845030,-,40,0,0,0,0,6,38.33,chr13:36844772-36845072
25,TGTATGGTGGATGTTTTTGGGGG,chr17:23298829,-,40,0,2,0,0,18,50.45,chr17:23298776-23299076
3,TCACGGGCCCCACACGAGCGCGG,chr18:3579876,-,75,0,0,0,0,0,60.45,chr18:3579761-3580061
15,TCGTCTGGTCAGTCCTATCTCGG,chr16:32131536,-,50,0,0,0,0,2,53.76,chr16:32131512-32131812
14,CGGATCATGTCGTGGCTGTTCGG,chr22:7034,-,55,0,0,0,0,0,32.04,chr22:6945-7245
4,GCGGCACTTCAGACAATAACAGG,chr13:7049389,+,50,0,0,0,0,4,36.26,chr13:7049092-7049392
1,GCTTGCCGTAGTCAAGTACGGGG,chr15:24565051,+,55,2,1,0,0,0,72.56,chr15:24564909-24565209
3,CCTTCAGAGAGATCCAGGCTTGG,chr19:17210676,+,55,0,0,0,0,1,60.67,chr19:17210578-17210878
1,TGTCCATACACACACCTCGAAGG,chr12:33788904,-,50,0,0,0,0,0,66.06,chr12:33788798-33789098
7,CGGACATTAAACCGCTTTCTCGG,chr13:48431683,-,45,0,0,0,0,0,32.04,chr13:48431555-48431855
3,TCACGCAAGACGTGGTTGATTGG,chr6:54680722,-,50,0,0,0,0,0,43.88,chr6:54680625-54680925
28,ACAGCAATCCAAATCAAGCGGGG,chr14:49683836,+,45,0,1,0,0,9,67.8,chr14:49683606-49683906
28,AAAAAAAGAGTGTGAAGGCATGG,chr6:39370646,+,35,0,1,0,3,44,56.17,chr6:39370466-39370766
10,AGCTCCCGCCAATTCTGAGCGGG,chr22:22301928,-,60,2,1,0,0,0,45.43,chr22:22301781-22302081
3,GACTTTGGTTCCACGGCCGATGG,chr20:51201891,-,60,0,0,0,0,0,48.55,chr20:51201824-51202124
25,GTGAGATTGGTTCATTGTCAAGG,chr22:17052483,-,40,0,0,0,1,5,54.07,chr22:17052267-17052567
19,ATATATGGGTCCAGAGGGAGGGG,chr8:40327441,-,50,0,0,0,0,4,52.57,chr8:40327248-40327548
3,TACCAACAGACGGCGCGATGTGG,chr5:29514739,-,60,0,0,0,0,1,68.23,chr5:29514565-29514865
18,AGAACCGAACATCAGGACACAGG,chr2:32513602,-,50,0,0,0,0,2,66.9,chr2:32513324-32513624
35,TTGGCTGGGGGGGGCTCTGGGGG,chr20:53949923,+,75,0,0,0,1,6,32.83,chr20:53949640-53949940
3,GTCAAGCGGGCGCTCCCTGAAGG,chr5:26212675,+,70,1,0,0,0,0,47.87,chr5:26212496-26212796
4,ATCCGGTACGATAAAATCGCCGG,chr2:7715770,+,45,1,0,0,0,0,57.68,chr2:7715661-7715961
3,ATCGCGATTGGCTCAGAGGGCGG,chr8:27555261,-,60,0,1,0,0,0,59.98,chr8:27555165-27555465
19,GTCGCTGCGGTATCACTGGACGG,chr5:20823245,+,60,0,0,0,0,3,57.44,chr5:20823248-20823548
15,TAGTCTTCCATTCCTTCTAAAGG,chr19:6775138,-,35,1,0,0,1,2,41.37,chr19:6774930-6775230
10,TCATCGCTTAGTACCGCTGAGGG,chr7:18100842,+,50,0,0,0,0,1,63.05,chr7:18100840-18101140
14,TTTCCGTGTGTCTTTAAGAAGGG,chr16:7228391,-,35,0,0,0,0,3,47.15,chr16:7228127-7228427
15,GCTGGCTTCGAGAACAAGTTGGG,chr5:28016780,-,50,0,1,0,0,3,44.75,chr5:28016689-28016989
19,AGAGATGATGCTGGAAAGCACGG,chr21:13123084,-,45,1,0,0,0,6,56.15,chr21:13122975-13123275
15,GAACTGCAACTGAAAGTGAATGG,chr4:17278946,+,40,0,0,0,0,11,63.04,chr4:17278731-17279031
27,TGAACGAGTTTAAATGATTGTGG,chr21:13856680,-,30,0,0,0,1,7,55.9,chr21:13856504-13856804
5,ACGCGACGCATCACAAGGGGTGG,chr22:24984735,-,65,0,2,0,0,0,58.09,chr22:24984581-24984881
30,GATTTAAAAGAAGATTTTAGAGG,chr24:1151181,-,20,0,0,0,4,49,47.47,chr24:1151194-1151494
2,ACTTACGTTTCATACGTGACAGG,chr21:5800251,+,40,1,0,0,0,0,56.92,chr21:5800183-5800483
18,GTCCTGTAATGGTGCCCGTTTGG,chr11:21267490,+,55,0,1,0,0,1,42.42,chr11:21267367-21267667
1,CGGCTACGAAAATTATCCAGAGG,chr8:47804403,+,45,0,0,0,0,0,73.01,chr8:47804232-47804532
12,AGGACGGGCTCATCCGGCAGAGG,chr10:10801770,-,70,0,1,0,0,3,54.62,chr10:10801537-10801837
26,TCAATCAATAAACATGAGGGGGG,chr7:69298295,+,35,0,0,1,1,8,68.47,chr7:69298120-69298420
8,GAGTCTTGTGTTATTCTGAGCGG,chr11:24816243,+,40,0,1,0,0,5,70.13,chr11:24816159-24816459
1,CTGCGGAGGGAGACCATGATGGG,chr3:15352408,+,60,0,1,0,0,0,55.47,chr3:15352192-15352492
30,CAGCGAACACACACATGCTGCGG,chr14:52563988,-,55,0,0,0,0,7,60.28,chr14:52563716-52564016
5,GCGTCGTATTAGCGCACTTCCGG,chr12:28363104,-,55,0,0,0,0,0,36.56,chr12:28362914-28363214
5,GAAAGGTAAAGAGCGGTCGCCGG,chr8:24791036,-,55,0,1,0,0,1,59.04,chr8:24791058-24791358
26,AACGAGGATATATTCAGGCAAGG,chr3:53317117,+,40,0,0,0,0,5,57.59,chr3:53316890-53317190
10,TTATGAAAGAGTATCTTTACAGG,chr8:36570480,+,25,0,0,0,0,9,39.34,chr8:36570380-36570680
23,AAGGGTGTCAAAGTGAGAGCTGG,chr14:26719647,-,50,0,0,1,0,6,54.0,chr14:26719582-26719882
31,AGTGCTGTGGCTTTGTTTGGAGG,chr14:31715233,-,50,0,1,0,2,7,38.82,chr14:31715238-31715538
7,CAATCGAAACGCGAAGTAGGCGG,chr19:42328364,+,50,0,0,0,0,1,59.72,chr19:42328280-42328580
18,ATCAGTGTGTTGAGTCTACACGG,chr25:35154032,-,40,1,0,0,2,7,55.07,chr25:35153838-35154138
14,CATCTCACACCCCCCTGGCATGG,chr9:14137257,+,65,0,0,0,0,1,41.51,chr9:14137118-14137418
25,GGAAACGCTGAAGGGCCAACAGG,chr21:10701991,-,60,0,0,0,0,3,41.42,chr21:10701889-10702189
10,TGAAAAAGCCGCGTGTGCCAAGG,chr14:31618083,+,55,0,1,0,0,1,55.35,chr14:31618059-31618359
20,ATCTAATCCAGTCCCGTTTCAGG,chr5:19444917,-,45,0,0,0,1,6,31.7,chr5:19444797-19445097
20,ATTTTAGAGAGGCATGAAAGAGG,chr23:27675584,-,35,0,0,0,2,30,65.15,chr23:27675436-27675736
29,ATGTAAAAACCACAGTGTAGAGG,chr6:30667953,+,35,0,1,0,0,9,59.38,chr6:30667952-30668252
7,AAGGCACCGTATTTTCAAGCTGG,chr7:27251530,-,45,0,1,0,0,1,45.79,chr7:27251334-27251634
1,CTCATTTTCCGAGAGGAAGCAGG,chr12:3778890,-,50,1,0,0,0,0,49.58,chr12:3778699-3778999
27,TCTTTAATGTACTGGACAGAAGG,chr16:32128328,-,35,0,0,0,0,12,54.13,chr16:32128196-32128496
29,CAGTCCTGTGTTTTCGCTCATGG,chr5:35398627,-,50,0,1,0,0,10,31.1,chr5:35398443-35398743
12,ACAGCATATGCTGGTAAAGTAGG,chr22:37611862,+,40,2,0,3,74,>=298,44.74,chr22:37611568-37611868
5,CAGTATCTACCTCGGAACCCAGG,chr21:38312654,-,55,0,1,0,0,0,58.11,chr21:38312409-38312709
17,CCGTTCTGGGCTCTGAAAAAGGG,chr17:16090382,+,50,0,0,0,0,6,42.94,chr17:16090278-16090578
1,ATAGAAAGGACCCTGACTGCAGG,chr3:36364848,+,50,0,0,0,0,0,54.47,chr3:36364757-36365057
43,GGGGGGGGGGGGGGGGGGGGGGG,chr13:25197963,-,100,0,504,33,0,>=0,4.33,chr13:25197915-25198215
20,TGTCTCAACATTCTCCATGAAGG,chr22:25089093,+,40,0,1,0,0,5,62.84,chr22:25088847-25089147
20,TTGGAGCCGCTTCTGCCCTGTGG,chr12:8958478,-,65,0,0,0,0,2,52.74,chr12:8958206-8958506
12,TAAAGGCTTTGTGGACATAACGG,chr13:7442000,-,35,0,0,0,0,5,46.83,chr13:7441873-7442173
20,TCTCCATGATAGAAAGTAACTGG,chr14:24110844,-,35,0,1,0,0,1,42.49,chr14:24110564-24110864
27,AGACGGTTTGTTCATATATACGG,chr11:16574869,+,30,0,1,0,2,3,34.02,chr11:16574581-16574881
20,CACAGCCCATGATGCATGCTGGG,chr1:55095286,+,55,1,0,0,1,2,56.54,chr1:55095161-55095461
18,CGAAAAGAAGAGAAAGAGGGAGG,chr23:35847116,+,45,0,0,0,3,41,51.72,chr23:35847051-35847351
22,TGCTGGTTCCTGTGATGAACTGG,chr23:15916320,-,50,1,1,0,0,6,27.64,chr23:15916136-15916436
22,TGCTAGCAAAATTGCAAATCTGG,chr12:3962305,-,35,1,0,0,0,6,31.5,chr12:3962225-3962525
1,CGTGCGACTGGAGGTACATGAGG,chr5:27440223,+,60,0,0,0,0,0,62.12,chr5:27440197-27440497
9,TTCAAAAGCGTTGCGTTAGATGG,chr1:43686495,+,40,0,0,0,0,0,26.5,chr1:43686196-43686496
6,GCTCATCATGATTTCTGCCCAGG,chr13:1151286,-,50,0,0,0,0,0,40.21,chr13:1151194-1151494
23,CATTGAAACTTGAGCACTTTAGG,chr3:30158341,-,35,0,0,0,1,3,25.38,chr3:30158246-30158546
11,ATGTCTGACGAGAACGTAATTGG,chr1:34685546,+,40,0,0,0,0,2,35.15,chr1:34685302-34685602
23,TAACATGCGTACAGTGTTCAGGG,chr1:59313610,+,40,0,0,0,1,4,49.12,chr1:59313379-59313679
20,GATCCCGAGGAAGAGTGATTGGG,chr19:42693597,-,50,0,0,0,0,1,50.79,chr19:42693502-42693802
5,TGATGGTAAGTTGTGCTTGTTGG,chr15:34657938,+,40,0,0,0,0,5,50.2,chr15:34657912-34658212
14,AGGGCTAAAGCGGCTGAATTCGG,chr20:27190419,+,50,0,0,0,0,14,35.75,chr20:27190220-27190520
21,GGCGCCTCGTTCGTCTCCCTTGG,chr12:4686153,-,70,0,0,0,0,1,36.64,chr12:4686000-4686300
22,TAAACTGACCTAATCTGACACGG,chr23:26120197,-,35,0,0,0,0,9,72.01,chr23:26120087-26120387
17,ATAGCCAGCTGTTCATTGGCTGG,chr16:24632000,+,50,1,0,0,1,2,51.74,chr16:24631947-24632247
20,TCAAACTTCAGCAATCTCACAGG,chr8:26818541,-,40,0,1,0,0,5,60.02,chr8:26818329-26818629
4,ATCATTCGGCGACTTACGACAGG,chr7:40657802,-,50,0,1,0,0,0,56.09,chr7:40657658-40657958
12,CACGATTTGCGCGGTTTAGACGG,chr11:25403644,-,50,0,1,0,0,0,34.16,chr11:25403393-25403693
12,GTAGGATAATGGAGAGAAGTCGG,chr14:34634002,-,40,0,2,0,0,2,63.43,chr14:34633804-34634104
7,TATTTGCGCAATTCTAACAAAGG,chr1:44906713,-,30,0,0,0,0,1,46.7,chr1:44906454-44906754
30,ACGTTGTGTGTTGTTCATTTGGG,chr10:26163945,-,35,0,1,0,0,12,29.0,chr10:26163803-26164103
30,CTTGTGATATCTCTTTCTGAGGG,chr9:20373301,+,35,0,1,0,0,4,49.56,chr9:20373039-20373339
7,ATGCTGTCTATGCTTGCAAAAGG,chr10:20364166,+,40,0,0,1,0,6,58.51,chr10:20364008-20364308
1,TTGAGACTCTACCATCACGACGG,chr1:53880638,+,45,0,0,0,0,0,68.78,chr1:53880498-53880798
23,CGAGTGTGCGCGCGCGAAGGGGG,chr23:23485768,+,75,0,1,0,0,2,51.49,chr23:23485709-23486009
22,ACAACTGAACAACACACTAGAGG,chr10:11355860,-,40,0,0,0,0,12,66.25,chr10:11355789-11356089
24,TGACTGTTTGTGTAATGTCCAGG,chr17:31058960,+,40,0,0,0,0,9,60.69,chr17:31058821-31059121
15,ATTCGCGCAAGCAACCTGTGAGG,chr2:17947253,-,55,0,0,0,0,1,75.66,chr2:17947050-17947350
23,CTTTTTTTTGGGTCATTACAAGG,chr9:33334569,+,30,0,0,0,1,8,42.95,chr9:33334350-33334650
6,TAGCAGACTCGAACACACGGTGG,chr5:64907095,+,55,0,0,0,0,1,80.54,chr5:64907061-64907361
29,ATTGATTAAACTTGACTTTGAGG,chr16:45235773,-,25,0,0,1,2,20,39.38,chr16:45235780-45236080
24,GGTTGATGCGTTTTTATTAATGG,chr20:40320266,+,30,0,0,0,0,4,26.52,chr20:40319974-40320274
16,ACTCTGTCTGAATGATAAGGAGG,chr7:29115980,-,40,0,1,0,3,4,64.49,chr7:29115802-29116102
14,ACGATAAATAAAGTGTTTTCTGG,chr13:9842533,+,25,0,1,0,0,9,16.99,chr13:9842315-9842615
20,AGAATGGGAGGGGCTTGAGGGGG,chr14:46027943,-,60,0,0,0,1,12,49.7,chr14:46027860-46028160
14,TGTGAAACTGCGGAAGAGAGAGG,chr19:5072949,-,50,0,0,0,0,5,64.47,chr19:5072822-5073122
11,TCGCGTTGCTGGGATAAAAGGGG,chr10:34002110,+,50,0,2,0,0,1,57.14,chr10:34002052-34002352
12,CGTGGGAGAAAGTAAGAAGAGGG,chr19:7225135,-,45,0,0,0,0,7,52.55,chr19:7224966-7225266
4,AGGAAGTGAGACACTCGAACAGG,chr18:30507811,-,50,1,0,0,0,0,54.95,chr18:30507687-30507987
7,GATAATGCGGACAAGTGGTTTGG,chr23:32029408,+,45,0,0,0,0,0,45.72,chr23:32029182-32029482
3,ACGTAACAGCTAGCAGACTACGG,chr16:6730483,+,45,0,0,0,0,0,59.54,chr16:6730348-6730648
16,CGCTGCTCAGCCAATAGGAGCGG,chr25:18474985,-,60,1,0,0,0,4,54.96,chr25:18474889-18475189
11,GACATCGCTTACTTTTACTTTGG,chr12:26538768,+,35,0,0,0,0,3,33.05,chr12:26538725-26539025
9,TTATTTACCACAAGAGGGCTAGG,chr20:32224355,+,40,0,0,0,1,0,49.19,chr20:32224236-32224536
17,TCATGACCTTCAACGGGACCTGG,chr1:25848646,+,55,0,1,0,0,3,48.18,chr1:25848466-25848766
18,CATTTTTATAACGCTGATCCAGG,chr19:9212045,+,35,0,0,0,0,8,43.34,chr19:9211903-9212203
19,CCGGCCATGTTCACAGGGAGAGG,chr19:22488945,+,65,0,0,0,1,1,47.95,chr19:22488909-22489209
16,ACACTGAATCCTTCAATGGCAGG,chr5:54792238,+,45,0,0,0,0,2,56.26,chr5:54792093-54792393
38,GGGTGTCTCTGTCAGTCATACGG,chr11:12158336,-,50,0,2,0,0,23,52.53,chr11:12158219-12158519
12,AACGTTACCAGTAGCATTGTGGG,chr1:22803177,-,40,0,0,0,1,5,46.24,chr1:22802983-22803283
5,TTATCTGTTAAGTGGCTCGTTGG,chr5:35744611,+,40,0,1,0,0,1,52.19,chr5:35744520-35744820
29,AACGGGGGACGAGGACCAGGAGG,chr16:46766228,-,70,0,0,0,0,1,47.71,chr16:46766019-46766319
17,TGATGTCACTGCTCTGCTTCCGG,chr23:17866024,-,50,0,0,0,0,10,42.06,chr23:17865859-17866159
44,GGTAGTTGCAGCAGCAGCAACGG,chr21:39177323,-,55,2,0,0,0,7,58.36,chr21:39177272-39177572
16,GAGGTGTTAAGTAATCAGTGAGG,chr19:42336473,+,40,0,0,0,1,5,75.19,chr19:42336491-42336791
26,TTAAAAAAATAGAGGCTGTCTGG,chr19:7321362,+,30,0,0,0,0,8,40.1,chr19:7321069-7321369
20,TTAGCTGAACACTGAACGAACGG,chr22:28803612,+,40,0,1,0,0,1,66.63,chr22:28803582-28803882
2,TCCCCGATCAGCGATACTTTCGG,chr8:7875155,-,50,1,0,0,0,0,39.58,chr8:7875040-7875340
30,ACCCTTGGGTGGCACAAACGCGG,chr3:57779700,-,60,0,0,0,0,4,67.18,chr3:57779663-57779963
1,GTGAGTAAAGTTCTCTAAGCTGG,chr9:48122964,+,40,0,0,0,0,0,45.83,chr9:48122941-48123241
13,CATTAACCGCTTTATATTTGGGG,chr9:38399350,-,30,0,0,0,0,6,44.12,chr9:38399286-38399586
4,TGATCTAAAACCACGTAGGATGG,chr10:26935175,+,40,0,1,0,0,1,40.96,chr10:26934970-26935270
21,GAACGGAGAATTGCAGTTTCTGG,chr7:25825663,+,45,0,0,0,0,3,31.0,chr7:25825467-25825767
34,AGACGGAAAAGAAGAGGGGGAGG,chr14:13453081,-,55,0,0,0,10,101,49.71,chr14:13453070-13453370
4,AGCTCTGGCGAATCGGGAAAAGG,chr8:47219184,+,55,0,0,0,0,0,45.04,chr8:47218974-47219274
25,TTATAGGCCGCTGGTGTGAGTGG,chr22:25335292,-,55,0,28,15,17,4,55.64,chr22:25335191-25335491
15,GTCCCTCGCCCCGGTGTGTGCGG,chr23:44079041,+,75,0,0,0,0,1,53.52,chr23:44078785-44079085
19,CGCGCTGCAGTGTGTCCTCCAGG,chr18:50839176,-,70,0,0,0,0,2,44.56,chr18:50838980-50839280
31,CATCTCCCACAACTTCACCGCGG,chr12:8958193,+,55,0,0,0,1,6,83.69,chr12:8958206-8958506
2,CGGCGGGTATCTGGGATCTGCGG,chr19:4024500,-,65,0,0,0,0,0,63.1,chr19:4024308-4024608
42,GACAAATAAAACTGACATTATGG,chr1:55755369,+,25,0,0,0,1,19,36.08,chr1:55755168-55755468
4,GCGTCGCGTCGCTGCTGTACAGG,chr13:36050282,-,70,0,0,0,0,0,42.93,chr13:36050170-36050470
19,TATATATATATATATATATCTGG,chr19:438357,-,5,0,409,14,0,>=0,41.46,chr19:438126-438426
12,TAAAATGTGCGGGAGAGCTGTGG,chr5:67895725,+,50,0,0,0,0,2,60.39,chr5:67895691-67895991
7,TCCTAAATTTAGACAAAATTTGG,chr25:18953168,+,20,0,0,0,2,16,20.83,chr25:18953134-18953434
10,TAACAATCTCTCGATAATTTAGG,chr10:31244570,+,25,0,0,0,0,1,29.76,chr10:31244466-31244766
29,GTTTTATGTAAACTGTAGATTGG,chr15:21669655,+,25,0,0,0,2,23,47.13,chr15:21669402-21669702
20,GCCATCCATTCCAGCCATAAAGG,chr23:20110123,+,50,0,0,0,0,3,45.13,chr23:20110024-20110324
6,TTTGTAGTAAGAGTTTACACGGG,chr25:31123002,+,30,0,0,0,0,1,66.54,chr25:31122706-31123006
40,AGACCAACAAAAAGGCAGTCGGG,chr24:17145934,-,45,0,0,0,0,15,53.21,chr24:17145660-17145960
2,ACCGGGCTGACTGCTGATCTGGG,chr11:2549053,+,60,0,0,0,0,0,36.06,chr11:2548915-2549215
15,GTCCGCGTAATTTCCGGGGCGGG,chr16:48460722,-,65,0,0,0,0,0,43.51,chr16:48460694-48460994
28,TATTCCATCACCATAGAAAAGGG,chr25:35250984,-,30,0,0,0,0,9,49.05,chr25:35250755-35251055
15,AATATGCAGGTCTTGTCGTAGGG,chr5:23795537,-,40,0,0,0,0,3,60.32,chr5:23795541-23795841
26,TGTGTGTATGTGTGAATGTATGG,chr22:16997322,+,35,0,0,16,175,>=22,40.36,chr22:16997304-16997604
22,CTGAAGGAGAAGATAAGAGTCGG,chr11:13126785,-,40,0,0,0,1,8,60.17,chr11:13126802-13127102
8,TACGTCCTCGCGTTCGATTCTGG,chr19:18135698,-,55,0,0,0,0,0,28.57,chr19:18135556-18135856
31,ATAAATGTGTACATGCTCAGAGG,chr12:22509218,+,35,0,1,0,0,7,69.65,chr12:22508947-22509247
15,TCAAGAAGTGCTTTATATGCAGG,chr9:19623297,+,35,0,0,0,0,6,50.75,chr9:19623287-19623587
32,TAACCTCATCACACGGTTTGCGG,chr22:28803592,-,45,0,1,0,0,3,43.9,chr22:28803582-28803882
9,ATATACCAAATTAGAGTTGCAGG,chr22:10440935,-,30,0,0,0,0,6,34.43,chr22:10440829-10441129
26,CGGGTCCTGCGATTGGTTAAGGG,chr15:36941421,-,55,0,0,0,0,1,37.82,chr15:36941344-36941644
11,CTGAACATGTTTCTTCATGGTGG,chr9:28722033,+,40,1,2,0,0,6,61.81,chr9:28721930-28722230
16,ATACCTCATATTTAAACAACAGG,chr20:35857432,+,25,0,0,0,0,2,44.89,chr20:35857241-35857541
31,TATAAAAACATAAACTATTTGGG,chr24:26995082,-,10,0,0,0,5,86,24.14,chr24:26995012-26995312
2,CTTCGTCTGATATTAAACCAGGG,chr1:54013518,-,35,0,0,0,0,0,65.49,chr1:54013306-54013606
7,AACGGCAGCGATCGCAGCTCCGG,chr25:3034601,-,65,0,0,0,0,0,43.83,chr25:3034495-3034795
17,GGCGCGCGTGGGTAATTCAACGG,chr21:6751390,-,60,0,0,0,0,0,43.92,chr21:6751325-6751625
13,GCAGAAAGTGTCTCGGTGCGCGG,chr7:31921460,+,60,0,0,0,0,3,58.09,chr7:31921473-31921773
10,GGATAGCGGCGGTGAAAAAACGG,chr13:36391431,-,50,0,0,0,0,0,38.66,chr13:36391347-36391647
25,TGAGGATGAAGAGGGTGGGGAGG,chr11:40678787,-,60,0,0,0,4,55,63.34,chr11:40678670-40678970
35,AAGGAGCAGAGCCACAGAGACGG,chr21:11646904,-,55,0,0,0,1,3,50.27,chr21:11646779-11647079
8,CCCGCCCCCACTATTTTGCGTGG,chr8:2456851,+,65,0,0,0,0,1,57.39,chr8:2456723-2457023
34,AAATATTTACCAGTGGAAAAAGG,chr7:29024438,+,25,0,0,1,5,99,34.99,chr7:29024137-29024437
22,AAGTGATTGTGAAAATTAAAGGG,chr6:39631323,+,20,0,1,2,3,32,33.35,chr6:39631084-39631384
6,AGTACTACGCTTGTTAAAACAGG,chr21:43636446,+,35,0,0,0,0,2,37.88,chr21:43636449-43636749
28,CTCTGCCTCCCGGAGCCCATTGG,chr10:28117737,+,70,1,1,0,0,3,49.61,chr10:28117557-28117857
29,AGGATGATGGACATTTGATCCGG,chr15:35930181,-,40,0,0,0,1,9,53.77,chr15:35929957-35930257
6,GGAGCTTCTTCGCTGGAGTACGG,chr10:2788720,+,55,0,0,0,0,0,51.97,chr10:2788538-2788838
7,AGGCATGCAGAGTTACTGTATGG,chr3:28953168,-,45,0,0,0,0,2,46.39,chr3:28953159-28953459
1,TTCAGCATTGAGAGTTACCGAGG,chr14:37545753,-,45,0,1,0,0,0,70.9,chr14:37545535-37545835
4,TGACGAAGCGTCTTTGAGGGGGG,chr14:6991342,+,55,1,0,0,0,1,62.33,chr14:6991053-6991353
7,TTCGTGTACGCTTTGTTATAAGG,chr5:67180632,+,35,0,0,0,0,2,35.45,chr5:67180605-67180905
11,TTTAATTCTTAATAACACTTTGG,chr9:2574186,+,15,0,0,0,1,21,46.86,chr9:2573981-2574281
25,TTGGTGTCTTTAAAATCAAAGGG,chr19:40116241,-,25,0,0,0,1,19,44.8,chr19:40116110-40116410
12,AGCTGTTCCATAAAAAACGCCGG,chr16:3982658,-,40,0,0,0,0,4,64.47,chr16:3982462-3982762
17,ACCAAATCTGCCGGTAAAGGAGG,chr7:5977785,+,50,0,0,0,0,10,56.63,chr7:5977558-5977858
10,TGTCGACGAGGATTTTTTCATGG,chr4:1839292,+,40,0,0,0,0,3,38.67,chr4:1839025-1839325
15,TATTGCTTCGCTGGGTTGCTCGG,chr19:42244358,+,50,0,0,0,0,4,49.97,chr19:42244217-42244517
31,AAAGGGGAAAGGGTGACGGGGGG,chr2:29988758,+,60,0,0,0,1,7,53.51,chr2:29988543-29988843
8,TTCCGGTTCCGCAAAACAACGGG,chr22:29648824,-,50,0,2,0,0,1,45.25,chr22:29648709-29649009
22,ATGAAGAGGGTAAGAGGGGCGGG,chr23:14403976,+,55,0,0,0,0,5,40.03,chr23:14403791-14404091
4,CGCATGAGTCGCCTTCTAGCTGG,chr9:8969068,-,60,0,0,0,0,0,30.39,chr9:8968800-8969100
11,ATAGAGAGAAAACGACCCGCAGG,chr15:29116243,-,50,0,0,0,0,2,55.47,chr15:29116075-29116375
6,TCATGCTCGTGAAAGAGATGTGG,chr13:36534320,-,45,0,0,0,0,2,62.4,chr13:36534172-36534472
2,TCCATCGGGAGACCGAAACACGG,chr6:59968091,-,55,1,0,0,0,0,63.16,chr6:59967851-59968151
2,AGCGCGCGCTTTGCTTGACGAGG,chr20:51398942,-,65,0,0,0,0,0,40.27,chr20:51398949-51399249
18,GCAGCAGCTTCTCGTTTTGGAGG,chr23:20431608,+,55,0,1,0,0,5,45.17,chr23:20431309-20431609
10,GTTCCACTACAGCAGAGGATAGG,chr24:41690478,-,50,0,0,0,0,1,51.9,chr24:41690393-41690693
10,TATAACAGCGGAGAGCGGTCTGG,chr23:3409164,-,55,0,0,0,0,1,47.48,chr23:3409005-3409305
5,CGGGGCTGTCCGCGTCTGCAGGG,chr5:336973,-,75,0,0,0,0,0,50.17,chr5:336893-337193
21,TCAACTTAGAACTGAGTGACTGG,chr20:32332727,+,40,0,0,0,0,2,54.5,chr20:32332590-32332890
15,AGGATGGTGTGAGATCTGATTGG,chr8:16023417,-,45,0,0,0,0,2,62.76,chr8:16023332-16023632
31,CAAAAGAAATTGTTTTAAATGGG,chr14:30774198,+,15,0,0,3,3,73,20.29,chr14:30773929-30774229
6,CGCTGTCGGTGCTCCATTATCGG,chr14:16810336,-,55,0,0,0,0,1,20.56,chr14:16810295-16810595
31,GGAAGACCAATGAGGAGCGGCGG,chr17:53298065,+,60,0,0,0,0,5,64.09,chr17:53297816-53298116
1,ATAAGCACTACCCGGCGAAAAGG,chr1:49521301,-,50,0,0,0,0,0,50.31,chr1:49521201-49521501
27,ATTATGAAGAGCATGAAGAGCGG,chr21:39185635,+,35,0,0,0,0,8,74.51,chr21:39185615-39185915
16,TTCGGATATGCTTGATTTAAAGG,chr14:48939535,-,30,0,0,0,1,11,14.76,chr14:48939321-48939621
6,GGTTGTCTGCAGAATTTGCGTGG,chr2:24317173,+,50,0,0,0,0,3,65.88,chr2:24317082-24317382
24,TTACTTTGCATATCACGTGATGG,chr9:1984670,-,35,0,0,0,0,3,57.12,chr9:1984435-1984735
18,GCAGCAAGCACACAAGAGCTGGG,chr19:42244328,-,55,0,0,0,0,5,55.94,chr19:42244217-42244517
16,ACACGCTTCCTTTGATCCTTTGG,chr8:3648936,+,45,0,0,0,0,0,24.8,chr8:3648892-3649192
14,AATTCAAATAACAGTGAATGAGG,chr10:22854883,+,25,0,0,0,1,11,59.97,chr10:22854645-22854945
21,GTAATGCATATCAATAAGCCAGG,chr5:26138276,+,35,0,0,0,0,6,60.65,chr5:26138168-26138468
6,GGCCCCTTTCGCCTGGCGGCCGG,chr5:44829486,+,80,1,0,0,0,0,45.34,chr5:44829472-44829772
1,GCGGAGCTTTTATGTCATCGCGG,chr20:6476870,-,50,0,0,0,0,0,74.48,chr20:6476666-6476966
9,ACTTCTCTAACTTCAGAGTGAGG,chr5:9824929,+,40,1,3,0,0,6,61.88,chr5:9824784-9825084
8,GGGCGTGGTCACGCAATGCGTGG,chr6:7533633,+,70,3,0,0,0,0,57.28,chr6:7533563-7533863
17,CAAGAGGAAGAAGAACACTGAGG,chr3:37112726,+,45,0,0,0,0,19,78.74,chr3:37112560-37112860
13,GAACTGACTGTAACGCGGCTCGG,chr1:1712142,+,55,0,0,0,0,1,60.9,chr1:1712004-1712304
7,ATAAACCTGTTATAATCGCCTGG,chr9:28140310,+,35,0,1,0,0,1,50.14,chr9:28140021-28140321
27,GAGTTTTGCAGTGGTGGGGAAGG,chr23:19486685,-,55,0,2,0,0,5,54.18,chr23:19486527-19486827
9,ACTCACGGTTAGTGTTAGTGCGG,chr19:7717323,+,45,0,0,0,0,2,60.15,chr19:7717301-7717601
6,ATCGGGCGCAGGAAAAGGTATGG,chr2:31936892,-,55,0,0,0,0,1,50.14,chr2:31936846-31937146
4,GCTGTGTCAGGAGATCGCCGCGG,chr5:42950717,-,65,0,0,0,0,2,74.34,chr5:42950734-42951034
23,AAAATAAATCTTAATAACAAGGG,chr11:15878515,-,10,0,1,1,10,87,59.29,chr11:15878217-15878517
28,TCAAACGTGTGTGGTTCTGCGGG,chr22:18929293,+,50,0,29,191,85,>=2,49.18,chr22:18929313-18929613
5,TCCTTATGACGTCACACTGCAGG,chr4:72555532,+,50,0,0,0,0,5,56.06,chr4:72555361-72555661
7,CGTGCCCAAGCGGTTACTATAGG,chr20:5369283,-,55,0,0,0,0,0,49.66,chr20:5369009-5369309
11,AACTCACCCTCCACTGCAGAAGG,chr11:36350875,-,55,0,1,0,2,2,55.51,chr11:36350773-36351073
33,ACATCGAGATCGCCACCTACAGG,chr23:10250923,-,55,0,1,2,8,11,54.3,chr23:10250897-10251197
23,AAGTGTTGTCAGAAAACCACCGG,chr13:46803908,-,40,0,0,0,2,8,61.34,chr13:46803889-46804189
31,ATTGGAAACTTGCATCCAGAAGG,chr3:51684822,+,40,1,0,0,0,5,59.73,chr3:51684818-51685118
34,AGCAACAGCAGCAGCAGCGCTGG,chr16:14248856,+,65,0,0,2,22,92,36.29,chr16:14248691-14248991
18,CCCGAGCAGCAGCAGCAGCAGGG,chr9:68846,+,70,0,0,0,6,56,64.83,chr9:68770-69070
38,CTGTATCTACACACCTTTAAAGG,chr3:40232431,+,35,0,0,0,0,9,22.71,chr3:40232393-40232693
44,AAGAGGAGGAGGAGGTGGAGAGG,chr23:7470998,+,60,0,0,17,75,>=117,40.98,chr23:7470919-7471219
2,TTTAGGGCGTATCTTCTGGGCGG,chr11:16215248,-,50,0,2,0,0,0,61.24,chr11:16215026-16215326
28,TGTCTGCTGCGGTTTCTCTCGGG,chr25:37435429,-,55,0,0,0,0,9,47.55,chr25:37435210-37435510
7,TCAGTGTGATGGAGAAACGCTGG,chr20:34801265,-,50,0,0,0,0,4,61.83,chr20:34801019-34801319
12,TAAAGCACTGAGCAGGGCTGAGG,chr6:24392863,+,55,0,2,0,0,7,46.44,chr6:24392695-24392995
1,GAAAGCGGCACTGGGAACCGGGG,chr25:10630449,-,65,0,0,0,0,0,60.55,chr25:10630360-10630660
18,AACATCATTCGCCCAATCAGAGG,chr5:10082238,+,45,0,1,0,0,13,61.85,chr5:10082058-10082358
22,AAAACATGTGCTGGATGAGTTGG,chr3:59864748,+,40,0,79,293,22,>=0,57.6,chr3:59864749-59865049
17,AGGGAGCCAGTGCGCACGCGCGG,chr7:66884469,-,75,1,0,0,0,4,56.66,chr7:66884345-66884645
4,TCAAAAAAATCCCGTGGGAGGGG,chr10:32524320,-,45,1,0,0,0,0,51.98,chr10:32524089-32524389
7,TTGAGAGTGCTGTCCATGTAGGG,chr1:5542570,+,45,0,0,0,0,2,54.32,chr1:5542395-5542695
14,GGCCCTGCCTTTCTCCTCGTCGG,chr17:30976084,+,65,0,0,0,0,1,35.79,chr17:30975837-30976137
36,GGGAGAGAGAAAGAGAGAGAGGG,chr11:25829692,-,50,0,2,159,482,>=0,54.78,chr11:25829584-25829884
12,AGCTTTTGTGTATGTCGATGAGG,chr7:22801627,+,40,0,0,0,0,5,62.22,chr7:22801346-22801646
13,CAATGAGAGTTGTTACTGGGCGG,chr7:26518152,-,45,0,0,0,1,2,70.62,chr7:26517912-26518212
7,GGTTTGACAGTACAACAGCATGG,chr25:8513154,-,45,0,0,0,0,3,65.04,chr25:8513123-8513423
19,AAAATATCGAAAAAAAAGTGAGG,chr22:38915029,-,20,0,0,0,4,39,58.68,chr22:38914824-38915124
8,TGCGAGTCTTGGTGCTGTTCAGG,chr5:42272687,-,55,0,0,0,0,1,21.61,chr5:42272401-42272701
7,AACACGTTGAAGCACACACCAGG,chr9:25181652,-,50,0,0,0,0,2,60.03,chr9:25181461-25181761
9,ACGTTTTCGGCGCGTTGAAGAGG,chr13:15793372,-,55,0,0,0,0,1,54.66,chr13:15793372-15793672
31,GATATGCTCAGTGCCCCTCAAGG,chr1:12348332,+,55,0,1,0,0,4,63.71,chr1:12348093-12348393
12,TTCGGCGTTCGGAAAGCGGCCGG,chr10:43964016,-,65,0,0,0,0,1,45.0,chr10:43963890-43964190
2,CGGATTGTCGGTGAGTTGCGCGG,chr22:881554,-,60,0,0,0,0,0,64.86,chr22:881576-881876
8,CGGGACTGACGGGAAGTTTGCGG,chr23:7217458,+,60,0,0,0,0,0,48.86,chr23:7217342-7217642
22,CTGTGGGACGCTGCTGCACTGGG,chr11:13207990,+,65,0,0,0,0,4,32.93,chr11:13207809-13208109
8,GGCGTACTGACCTGTCAAAACGG,chr24:20956630,+,50,1,0,0,0,1,52.98,chr24:20956567-20956867
13,GTCCCGTGAAAGAGCAGCAATGG,chr23:33987535,+,55,0,0,0,1,6,56.1,chr23:33987285-33987585
21,TCAGTATATGTCTGTAAGTCTGG,chr12:6002737,-,35,0,0,0,3,3,44.74,chr12:6002566-6002866
38,CATTTCTCATGTAAAATTATTGG,chr8:41273863,+,20,0,0,0,1,13,10.33,chr8:41273581-41273881
2,AGTCCTGCCCCTTAACAAGATGG,chr19:3124007,-,50,0,0,0,0,0,54.39,chr19:3123814-3124114
16,GGGAATTAAAGCGGTACTTAAGG,chr16:22775436,-,40,0,0,0,0,2,46.03,chr16:22775351-22775651
6,CAAGCCGGCGAAAAGACTGCTGG,chr9:38158715,+,60,0,0,0,0,1,53.56,chr9:38158444-38158744
4,CTACTGGCACTCACCACTGCAGG,chr22:26563142,+,60,0,0,0,0,1,53.56,chr22:26562945-26563245
41,GGCGAGCCTGCGGAGGAATTTGG,chr3:33259431,+,65,0,0,0,1,5,30.18,chr3:33259434-33259734
8,ATGATAATCCAGGCAAACGCAGG,chr24:37721898,+,45,0,1,0,0,1,60.25,chr24:37721899-37722199
3,CTCAATACACCTGGATGCGCGGG,chr6:56141791,-,55,0,0,0,0,0,44.31,chr6:56141690-56141990
4,GCGCGCAGATCTTTGAGACACGG,chr4:9173536,-,55,0,0,0,0,0,62.51,chr4:9173403-9173703
6,AGGATGAACAAACCCGTTAGAGG,chr10:33343028,-,45,0,0,0,0,2,61.71,chr10:33342986-33343286
14,GAGGATCTGGGGTAATGTTTTGG,chr1:56177118,+,45,0,0,0,0,6,25.59,chr1:56176823-56177123
1,GCGACTCCGGTTCCACTGATTGG,chr11:36350442,+,60,0,1,0,0,0,48.99,chr11:36350216-36350516
31,GACCCCCTCTCTGCCTGTTTCGG,chr16:4654380,-,60,0,0,0,0,5,29.04,chr16:4654271-4654571
11,ACAAGCTCACACCCAGAAGTAGG,chr8:22558557,+,50,0,0,0,0,3,63.56,chr8:22558578-22558878
26,GTAAGTGACAAATAATGGCCTGG,chr5:37720632,+,40,0,0,0,4,8,49.92,chr5:37720641-37720941
30,TGAGGGAGGAGTTAGGTTTGGGG,chr9:32860144,-,50,0,0,0,0,14,52.65,chr9:32860135-32860435
7,TCTCGCGAACTTCGCAACTTCGG,chr19:7549855,-,50,3,0,0,0,0,50.44,chr19:7549691-7549991
27,GCGAGCTTCACGCTGATTCCCGG,chr8:53269764,-,60,0,0,0,0,2,42.34,chr8:53269494-53269794
17,GACGATCTCACTCTTTCTGCAGG,chr3:50312456,-,50,0,1,0,0,2,48.22,chr3:50312289-50312589
39,AACAGTGTGTCTGTGTGATTAGG,chr3:51685004,-,40,0,0,0,0,30,48.61,chr3:51684818-51685118
26,GCTCTCTTGCTCCCTGATTTCGG,chr3:40796140,-,50,0,0,0,0,3,38.07,chr3:40795988-40796288
26,GCCGTTGGGCTGCTTTGCGCGGG,chr5:72390093,-,70,0,0,0,0,1,38.43,chr5:72390098-72390398
33,GTTCAATGAGTGCTGTCGATAGG,chr24:26997693,-,45,0,0,0,0,7,54.0,chr24:26997662-26997962
2,GGGGAAGCGCAGAAACTGGCTGG,chr20:14054110,+,65,0,0,0,0,0,44.35,chr20:14053959-14054259
30,ACACATACACTCACGAAGCGGGG,chr15:30857278,-,50,0,0,0,0,16,65.25,chr15:30857177-30857477
24,TTTCCAATCAGGCAATGTGCAGG,chr13:33227412,-,45,0,0,0,0,6,49.41,chr13:33227234-33227534
16,TATATATTAGTTTAGATAACAGG,chr19:18627114,-,15,0,0,0,0,25,33.73,chr19:18626918-18627218
12,AAAAGGCGGCCAATGAAGGTGGG,chr1:16507889,+,50,0,0,1,0,2,61.21,chr1:16507601-16507901
1,TTATGGTCGCAAACCGAACGCGG,chr22:38914992,-,50,0,0,0,0,0,66.45,chr22:38914824-38915124
17,GTGCTCTACGGCAGCCGCGCAGG,chr13:35844998,+,75,1,0,0,0,2,41.84,chr13:35844803-35845103
13,AGCTGTTTGTTGGTACTGTACGG,chr14:9056126,+,40,0,1,0,1,8,50.28,chr14:9055928-9056228
13,GTACCAACAAAAATGGCGAAAGG,chr2:36606132,+,40,0,0,0,0,4,58.03,chr2:36605971-36606271
38,GCTCAAAATCCCAACAACAAAGG,chr24:33756081,+,40,0,0,0,2,6,57.91,chr24:33755921-33756221
12,GGGCCTTGACGTTGGCCGGATGG,chr22:20720362,-,70,0,0,0,0,2,47.34,chr22:20720267-20720567
15,AAAGTCATTCCCCCTCTGCATGG,chr13:7573669,-,50,0,0,0,0,10,55.23,chr13:7573513-7573813
9,TTTGTGGTCTTCCGTTTAGTCGG,chr2:53201794,+,40,0,0,0,0,2,48.12,chr2:53201703-53202003
15,TTCCACCCGCCGAAGTATTACGG,chr23:21978318,+,50,0,2,0,0,0,27.88,chr23:21978241-21978541
14,CGCAGTGGGCCGAACTCATCTGG,chr17:25444357,-,65,0,0,0,0,1,38.55,chr17:25444275-25444575
34,TATCCCCGTTTGGTCTGGACAGG,chr24:32176193,+,55,0,0,0,0,3,43.73,chr24:32176048-32176348
17,CTCTAAGTTCGGTATCGATATGG,chr11:12517044,+,40,0,3,131,79,17,53.2,chr11:12516784-12517084
17,CGCATGAGGGAGAAAGGGGAGGG,chr15:4314130,-,60,0,0,0,0,3,53.55,chr15:4313904-4314204
3,TACGAAAGTGGCAAAACTTATGG,chr17:45378301,+,35,0,0,0,0,0,33.52,chr17:45378322-45378622
32,TTGTAAAAACTCCCAGGCAGTGG,chr12:850431,-,45,0,0,0,0,5,51.03,chr12:850308-850608
24,TAAAGGTTAAATAAATCTCATGG,chr8:22356055,+,20,0,0,0,1,21,51.74,chr8:22355759-22356059
35,TGGCGTGACAAAAAATTAAAGGG,chr4:9360613,-,30,0,0,0,0,16,37.81,chr4:9360551-9360851
3,CGGGATCTGTTCAGTTACCCGGG,chr6:24066545,-,55,0,1,0,0,0,61.73,chr6:24066533-24066833
33,AGGTTTGCACTTTTTAAAATGGG,chr3:5644160,+,25,0,1,0,5,19,34.14,chr3:5643868-5644168
6,GCGGTGCAAAAGTGAGGTACTGG,chr3:25999290,-,55,0,0,0,0,0,53.13,chr3:25999276-25999576
9,GAGTTTCAGGTACTATTTTGCGG,chr12:9305980,-,35,0,2,0,2,10,46.2,chr12:9305693-9305993
20,TTTAACTCTCTTCCTTCCTTTGG,chr8:23780494,+,35,0,1,0,0,12,29.05,chr8:23780196-23780496
17,CTCTTCCGGCGCCGCCATACTGG,chr16:53590595,-,70,1,0,0,0,1,33.79,chr16:53590437-53590737
2,TGTATACCGCACCAAGATCCAGG,chr19:18127565,+,50,0,0,0,0,0,53.48,chr19:18127480-18127780
25,AGAGGAGGAGAGAGACAGAGAGG,chr3:42918853,-,55,0,0,0,55,>=276,66.06,chr3:42918748-42919048
24,AAATAATTCTCGTTAACTTCCGG,chr13:646565,+,25,0,194,164,14,>=0,42.65,chr13:646483-646783
20,GACCCCGACACACGAAAGCCCGG,chr1:18336792,-,65,0,2,0,0,1,50.96,chr1:18336644-18336944
21,AAGAGTCTCAGTTGAACCCCCGG,chr2:23931658,-,50,0,0,0,0,2,56.25,chr2:23931376-23931676
6,TCTCATAGTAAGCTATATTTAGG,chr7:22792774,+,25,0,0,0,0,2,22.97,chr7:22792746-22793046
1,AAAAGTTGACCGTCGCCTCGGGG,chr10:36029626,-,55,0,1,0,0,0,70.34,chr10:36029489-36029789
18,ACCACACCAACCTCTATTATTGG,chr4:5341198,-,40,1,0,0,1,11,31.46,chr4:5341217-5341517
16,GTGCAGTGTGTCTCACTTCACGG,chr18:15778250,-,50,1,1,0,0,3,54.14,chr18:15777992-15778292
21,AAAAAAAAAAAAATTTAGCATGG,chr3:32651598,-,10,0,1,4,126,>=254,56.34,chr3:32651565-32651865
26,GGCTCAATGTAAACAAACACGGG,chr8:54216518,+,40,0,0,0,2,75,62.26,chr8:54216397-54216697
28,CTGCTGGTGGAGTCTCCGGTCGG,chr3:11828123,-,65,1,0,0,2,1,55.05,chr3:11828044-11828344
15,TGGTCGAGCGTGTATGACGGAGG,chr15:1885271,-,60,0,0,0,1,0,59.74,chr15:1885090-1885390
14,CAGTAGATGTGTGTAACTCGAGG,chr22:16997503,-,45,0,0,0,1,3,67.32,chr22:16997304-16997604
32,TTTCCTGTAATCCAGGGTCTGGG,chr24:28893308,-,45,2,0,0,0,3,43.18,chr24:28893089-28893389
14,GCACGAGCAGCGCGCTCATGAGG,chr15:25452100,+,70,1,0,0,0,2,44.29,chr15:25451912-25452212
6,CAGCCGCAGTCCATTGATGTTGG,chr1:29061362,+,55,0,1,0,0,2,53.8,chr1:29061147-29061447
16,AAGATGAAGACGAAGACAATTGG,chr10:11767859,+,35,0,0,0,0,14,37.57,chr10:11767642-11767942
23,ACCAAAAAGAATATTCATCATGG,chr7:30626551,+,25,0,0,0,0,22,61.15,chr7:30626307-30626607
34,GCTCTCCGGGCCGAGGTGGGAGG,chr15:20024270,-,80,1,0,0,0,10,49.15,chr15:20024056-20024356
3,ATATTCTGCTTGTCTAATAGTGG,chr17:45577452,+,30,0,0,0,0,1,50.65,chr17:45577207-45577507
41,ATGGATGGAGGAGGTGGAGATGG,chr18:39473088,+,55,0,1,0,2,70,46.51,chr18:39472875-39473175
23,CCAGCAGAGGAGAAACCTACAGG,chr6:49771729,+,55,0,0,0,0,5,53.03,chr6:49771469-49771769
6,GGCGGAGCGCGTGGACTGCTCGG,chr15:29024882,+,75,0,0,0,0,1,38.39,chr15:29024803-29025103
16,ATCAGATCATTGTCAGTGAGTGG,chr6:50704839,-,40,0,0,0,0,3,59.7,chr6:50704542-50704842
7,TGGGACGATATAAGTGCTTGAGG,chr2:2967215,-,45,0,0,0,1,0,58.13,chr2:2967106-2967406
4,ACGAGCTGCTGCGCGGTCCACGG,chr3:19914490,-,70,0,1,0,0,0,54.45,chr3:19914229-19914529
7,ACTGCAGGCTCACCTGTGGACGG,chr10:24391860,-,60,1,1,0,0,2,66.48,chr10:24391567-24391867
12,TGTAAGCTGCGCATGAGCGCAGG,chr13:7387805,-,60,3,0,0,0,1,49.8,chr13:7387705-7388005
42,TATCTGGGGTGGGGGAGGTCAGG,chr5:8096081,+,65,0,0,0,2,80,36.04,chr5:8095863-8096163
9,TTAGAGCAACGAAGAGCAAAAGG,chr12:26406407,+,40,0,0,0,0,3,47.53,chr12:26406137-26406437
12,ATAACTTCACTGAAGTCTGGAGG,chr17:17765076,-,40,1,0,0,0,6,65.71,chr17:17764845-17765145
17,AGCTTAGCAGAACCGAACCGCGG,chr23:44871810,-,55,0,1,0,1,0,73.3,chr23:44871791-44872091
13,GCAGTAAACCGAAGAAGAAAGGG,chr7:19526637,+,40,0,1,0,0,6,48.19,chr7:19526578-19526878
2,TTTAACTCTTTAGTGGCTCGAGG,chr8:11077347,+,40,0,0,0,0,1,53.87,chr8:11077175-11077475
9,TCTCCGCCAACACAGCATTGCGG,chr8:28349852,+,55,0,0,0,0,1,65.58,chr8:28349721-28350021
3,AAACCGACTTACCTTCCTCTTGG,chr23:31372613,+,45,0,1,0,0,0,48.54,chr23:31372597-31372897
15,GGATATTTGAAGGTGAAATTTGG,chr10:38664006,+,30,0,0,0,0,4,25.02,chr10:38663852-38664152
24,CTTCCAAAAACTATTTATCCAGG,chr8:19674323,-,30,0,0,0,0,13,43.99,chr8:19674209-19674509
6,TGGCCTGCATGCAAGTTAGCGGG,chr13:23195971,-,55,0,1,0,0,0,47.2,chr13:23195857-23196157
18,TCTGATAATGGTATTCCTCATGG,chr25:31907707,-,35,0,0,0,0,5,56.13,chr25:31907454-31907754
16,GTTGGTGATCATCGACCCCTTGG,chr1:14234002,-,55,0,0,0,0,2,46.45,chr1:14233929-14234229
36,ACTCGCGCTCGCTGTCACTGTGG,chr8:30453041,-,65,0,1,0,1,3,59.66,chr8:30452754-30453054
13,CATGTGCGTGAGCTGAAACACGG,chr17:53296898,+,50,0,0,0,0,8,60.83,chr17:53296748-53297048
4,GAAGATTTGCGCGGTGGCGCAGG,chr7:12927921,-,65,2,0,0,1,0,42.64,chr7:12927795-12928095
11,GTTCATTGGTGGACTCAGTTGGG,chr10:5022699,-,45,0,2,0,0,1,43.59,chr10:5022453-5022753
1,CATGACAGCTCGTTAAAAAGTGG,chr25:14870084,+,40,0,1,0,0,0,55.31,chr25:14869905-14870205
29,TGAGAGAGCAAGAGGAGGAGAGG,chr21:13861613,+,55,0,0,0,9,68,48.74,chr21:13861473-13861773
8,CGCCTTTTGTCGGTTCAGTAGGG,chr13:31688062,+,50,0,0,0,0,0,42.94,chr13:31687762-31688062
31,TTAAACGGATTGATTATAACTGG,chr7:38666977,-,25,0,0,0,0,7,31.81,chr7:38666985-38667285
25,CTCAGTTTTTTGAGGGTAAGCGG,chr25:6223642,+,40,1,0,0,2,37,46.98,chr25:6223405-6223705
20,TCACCAACATTGACTACTGTTGG,chr16:15387295,-,40,2,0,0,0,4,52.39,chr16:15387283-15387583
8,TAACGTACAATGTTTTAGAGGGG,chr16:4203142,+,30,0,0,0,0,2,58.14,chr16:4202849-4203149
26,TGTGTGTACGTTTCCCAAAGTGG,chr11:24820616,+,45,0,1,0,6,>=11,65.38,chr11:24820466-24820766
5,GGGTCGCTGTGTTTTCAACATGG,chr21:25565331,-,50,0,0,0,0,0,53.16,chr21:25565196-25565496
9,GGTGTGAAGTACCTGGAAACAGG,chr17:37228029,-,50,1,0,0,0,1,45.01,chr17:37227801-37228101
27,TTTTCTTTCGGCCGTGCATTTGG,chr1:23595824,+,45,0,3,0,0,3,30.86,chr1:23595750-23596050
31,AACGGGCGTGAGCGCCTCATTGG,chr9:17438652,+,65,2,3,0,0,3,41.12,chr9:17438622-17438922
32,TTCACACTTACAAACAGAAGAGG,chr17:41798753,-,35,0,0,0,5,16,63.31,chr17:41798623-41798923
29,GTCTTTTTTTATTGTTTGTTTGG,chr3:19621163,+,20,0,1,0,7,>=134,22.4,chr3:19620889-19621189
14,GAGCTCGAGTCCGCGACCCACGG,chr18:619624,+,70,0,0,0,0,2,50.8,chr18:619461-619761
28,GTTAGTTTTGAGGAGGGGTAAGG,chr5:7712307,+,45,0,0,0,1,9,47.94,chr5:7712014-7712314
10,TAGCAGATCCTACCGAGTTCCGG,chr23:1078118,-,50,0,0,0,0,0,44.64,chr23:1078022-1078322
1,TTGTAAACTGACGCGCCGCGCGG,chr3:62139974,+,60,1,0,0,0,0,68.67,chr3:62139769-62140069
11,ATACACTAGAAGGTATTTAAAGG,chr12:18414441,+,25,0,1,0,1,9,34.55,chr12:18414370-18414670
18,GACTATTTATTGTGCCTAGATGG,chr8:2504709,-,35,0,0,0,0,4,35.54,chr8:2504496-2504796
2,CGGGGACGGCAAATATCTGCCGG,chr13:45022175,-,60,2,0,0,0,0,59.62,chr13:45022165-45022465
6,GTTATCGCCACCTTGTGATCTGG,chr1:23489150,-,50,0,3,0,1,2,49.08,chr1:23489094-23489394
3,GAGGGGTGTCCATTTGTCTTCGG,chr17:23298757,+,50,0,2,0,0,0,47.36,chr17:23298776-23299076
24,GGCTGATGAACAGAGGGAAAAGG,chr12:5530249,+,50,0,0,0,0,17,49.47,chr12:5530100-5530400
22,GAAGGTCTTTGATATTACCTTGG,chr6:40573182,+,35,1,0,0,0,2,46.82,chr6:40573062-40573362
38,GGACACTTGAGACTCTTCCTAGG,chr6:55032411,+,50,0,0,0,0,3,48.83,chr6:55032338-55032638
21,ATTACAATAGCGTCATCTAGCGG,chr4:4834620,-,35,0,0,0,2,37,59.68,chr4:4834415-4834715
4,AAGTATCTCGAAATGCGACTCGG,chr16:10316287,+,40,0,0,0,0,1,65.32,chr16:10316174-10316474
6,AAGTTAATCTCAAGGTCTACGGG,chr22:18253291,-,35,0,0,0,0,0,43.28,chr22:18252991-18253291
13,TTGGTTGGAGCGTTCCGCTCCGG,chr23:31512381,-,60,3,1,0,0,1,47.84,chr23:31512376-31512676
10,GTTTACCTGGGAGAAAGTGTCGG,chr7:32897684,-,45,0,0,0,0,4,72.7,chr7:32897583-32897883
8,ATCCTTCAATCTCGTCCCTATGG,chr19:30800081,-,45,0,1,0,0,0,46.08,chr19:30799863-30800163
36,AACCAACCAATAAAGTTTTGCGG,chr16:22864784,-,30,0,0,0,0,11,38.6,chr16:22864654-22864954
20,AAAGATTACCATCAGCCAATAGG,chr23:35713410,+,35,0,0,0,0,11,47.03,chr23:35713408-35713708
12,ATTTAAAGGGTCTCCGGGCTTGG,chr11:18705317,+,50,0,0,0,0,0,16.14,chr11:18705142-18705442
32,GGATCCGGTCAGAGTGTTTACGG,chr25:1687729,-,50,0,0,0,0,4,40.77,chr25:1687546-1687846
3,ACATCTGTCACCTTCTTGCGTGG,chr23:21533861,+,50,0,1,0,0,2,66.35,chr23:21533701-21534001
47,ATTCTCTTTTCCTCAACCAGCGG,chr5:60518461,-,40,0,0,0,1,14,65.16,chr5:60518459-60518759
5,GGGAGCATTTCGAGGTACTACGG,chr23:10805338,+,50,0,0,0,0,0,45.5,chr23:10805051-10805351
44,GGAGGCAGGGAGAGGGGAGAGGG,chr23:35756101,-,70,0,0,0,3,42,42.9,chr23:35756002-35756302
10,GCAGCTTCTAGTAGAGTTAAAGG,chr12:4388575,+,40,0,0,0,1,2,24.77,chr12:4388555-4388855
18,CTGCTGGAGAGTCACGTGAATGG,chr23:26079471,-,55,0,0,0,0,4,65.66,chr23:26079343-26079643
20,GGTCAAACACATACACTGGAAGG,chr13:43637276,+,45,0,0,0,0,9,57.22,chr13:43637214-43637514
19,CAACTACCGGATTTTGTTGGGGG,chr10:42519773,-,45,0,0,0,0,3,59.03,chr10:42519576-42519876
4,TTGAAATTTGGAGGGACGCCTGG,chr25:35064504,+,50,0,0,0,0,0,44.96,chr25:35064462-35064762
28,TAAGTAAATTTTCATTTTTTTGG,chr25:22281339,+,10,0,3,19,142,>=241,14.56,chr25:22281309-22281609
33,AGGAGAAAAAACGAGTGAAAAGG,chr7:28612676,+,35,0,0,0,2,18,45.68,chr7:28612543-28612843
20,ATTTTAGCCGCTAGGATTATGGG,chr11:44945842,-,35,1,0,0,0,3,29.1,chr11:44945595-44945895
35,CTGGCTCCGCTGCTGCGAGACGG,chr13:31470358,-,70,0,0,0,0,4,50.72,chr13:31470243-31470543
39,CTCACTGACTGTCATACACACGG,chr10:8968193,-,45,1,1,0,1,8,65.6,chr10:8968054-8968354
32,TAAATGAATGGATGGATGTATGG,chr16:22683469,-,30,0,1,92,272,>=83,49.05,chr16:22683237-22683537
20,AGGCAGTTGAAGTGTATTTTAGG,chr13:23104179,+,35,0,1,0,1,15,33.97,chr13:23104073-23104373
2,TACCACCCGCGCCTGCAAGGAGG,chr3:52899868,+,70,0,0,0,0,0,62.18,chr3:52899652-52899952
13,GAGATGTGTGTCAGGTAAAATGG,chr21:4540139,+,40,0,0,0,2,7,24.05,chr21:4539965-4540265
3,TACTGAAGACGCCTACTGATTGG,chr8:16464471,-,45,0,0,0,0,0,50.84,chr8:16464258-16464558
14,AGTTTGTATGAATGTTTGGAAGG,chr19:34089402,+,30,0,0,0,4,67,58.62,chr19:34089161-34089461
9,CGAACAAAATCAGCATGTGTTGG,chr6:29376950,-,40,0,1,0,0,3,57.68,chr6:29376882-29377182
16,AACTTCAAACTGGAGCTACATGG,chr2:8717201,-,40,0,0,0,0,2,59.66,chr2:8717035-8717335
10,TGTTGGTACATGACATCCACGGG,chr1:18336849,+,45,0,2,0,0,0,64.2,chr1:18336644-18336944
20,CGCTTCAGTCTGCTTTGTTTTGG,chr2:47582159,+,45,0,0,0,0,12,27.54,chr2:47581875-47582175
18,GTGAGTGACGTACGCAAACATGG,chr9:7655306,-,50,0,0,0,0,2,51.09,chr9:7655096-7655396
1,GCTGTGCTCCCGGGGAATGATGG,chr13:33055524,-,65,1,0,0,0,0,45.37,chr13:33055446-33055746
4,CGCGGTAACTTACATAAATTCGG,chr13:16261184,+,35,0,0,0,0,0,35.58,chr13:16261076-16261376
29,CTCGATAATTTAGGACTGTGGGG,chr10:31244579,+,40,0,0,0,2,3,59.73,chr10:31244466-31244766
10,GGCTCTTTCCCAGTGTCTCGAGG,chr11:25328313,+,60,0,0,0,0,1,57.17,chr11:25328117-25328417
39,CTGCGGCCCGCGCTGCTCTCGGG,chr9:48145,-,80,1,1,0,0,3,31.35,chr9:48057-48357
9,GGAATGTACCATAATGTAAGGGG,chr14:30272830,-,35,0,1,0,0,4,65.16,chr14:30272745-30273045
12,ATGTTGCTCATTTCGCTTCACGG,chr7:13371523,-,40,0,0,1,0,8,38.92,chr7:13371323-13371623
4,GAGAAGACGACGACTCCTTTGGG,chr17:45577376,+,50,0,0,0,0,1,44.58,chr17:45577207-45577507
11,GCTTGATTAATCATCAACAGAGG,chr1:12295216,-,35,0,0,0,0,12,69.01,chr1:12295025-12295325
25,TATATAATACATTTTTTAATTGG,chr13:24669409,-,5,0,0,0,9,142,21.66,chr13:24669161-24669461
9,ATGGCTCTGATTGACAGGACGGG,chr20:38257749,+,50,0,0,0,0,3,56.02,chr20:38257661-38257961
14,AGAATACCCGATTTAATATCAGG,chr14:44774046,+,30,0,0,0,0,2,43.41,chr14:44773977-44774277
16,AACCAAAAAGCTTATATATTCGG,chr3:34800914,-,20,0,0,0,1,15,20.29,chr3:34800863-34801163
6,CATGGTGGATCAGAGCGAGCTGG,chr3:36223320,+,60,0,0,0,0,0,56.83,chr3:36223151-36223451
7,ACGGCTACCACCAAAAACAGAGG,chr5:34616487,+,50,0,0,0,0,1,72.65,chr5:34616448-34616748
15,GCTCAAAAATCAACGCTCCCAGG,chr25:12203835,+,50,0,0,0,0,2,49.27,chr25:12203805-12204105
39,GATGTGGTTTGGGGCTGCGGTGG,chr23:306837,-,65,0,0,0,0,11,48.57,chr23:306844-307144
1,TTGGACCGGACAATTTATAGTGG,chr24:41312447,+,40,0,0,0,0,0,58.79,chr24:41312285-41312585
4,CGCATCCATTCCCATTGTCACGG,chr8:7637560,-,50,0,0,0,0,0,55.99,chr8:7637546-7637846
23,ACTGCCAATGTATGACTTTGCGG,chr9:1984724,-,40,0,0,0,0,3,57.35,chr9:1984435-1984735
23,GGGAATTAGGACTGTTATGATGG,chr25:33972161,+,40,0,0,0,1,5,39.63,chr25:33972025-33972325
9,CAACCATCATGAATCTTGACAGG,chr9:34937080,-,40,0,0,1,0,5,58.66,chr9:34937080-34937380
6,TCCAGCAGTTGAGTCATGCTGGG,chr21:20901415,+,50,1,1,0,0,2,59.98,chr21:20901147-20901447
25,ATGAAGTCCTCCATTTTTTTTGG,chr10:34002172,+,30,0,1,0,1,8,23.02,chr10:34002052-34002352
10,AGTGAAATAGGAGACGGCAGCGG,chr7:35432924,+,50,0,0,0,0,1,53.21,chr7:35432686-35432986
11,ACAAACGCATGAGCTCCGATTGG,chr23:26228156,-,50,0,0,0,1,0,63.06,chr23:26227953-26228253
27,TGTTGTTTGTTATAAGTTTGAGG,chr19:390408,+,25,0,0,0,1,25,36.3,chr19:390138-390438
25,GAGAGTTCGGCAACCCTCTGCGG,chr14:33297175,-,60,0,1,0,0,4,62.99,chr14:33297162-33297462
28,CACTCATCTCATCAGCAGCCAGG,chr25:29463711,+,55,0,0,0,0,4,55.84,chr25:29463640-29463940
33,ACAAATAAAGGAAAAAACATTGG,chr17:29213592,-,20,0,0,0,7,109,56.83,chr17:29213517-29213817
11,GGAACAGGTGGGTGCGGAACAGG,chr21:18271089,-,65,0,0,0,0,2,31.07,chr21:18270970-18271270
14,CGTTAGAAAAAAGGTTACCTCGG,chr4:6373552,+,35,1,0,0,0,4,56.68,chr4:6373526-6373826
23,TGTAAACGCAAAGCGCGTGCTGG,chr8:26868081,+,55,1,1,0,1,2,49.96,chr8:26867962-26868262
14,AGGATGGACCATGTTTAATCAGG,chr2:44972605,-,40,1,0,0,0,1,45.29,chr2:44972606-44972906
15,GACGGGACCTTGCATACAAATGG,chr8:45402181,+,50,0,0,0,0,2,35.97,chr8:45401994-45402294
17,AAAAATAATCAACATTTCAGTGG,chr25:18964841,+,20,0,0,0,19,152,62.68,chr25:18964632-18964932
1,ACTTTACGACAGTCAACCAATGG,chr7:6445216,+,40,0,0,0,0,2,61.5,chr7:6444970-6445270
26,TTCCTCTCTCCCCCTCTCACTGG,chr5:48172614,-,60,0,0,0,0,14,42.53,chr5:48172405-48172705
5,GTGCGCACGCGCTCTGACGCAGG,chr19:30450192,+,75,1,0,0,0,0,33.42,chr19:30450063-30450363
16,TTCAGTATGTCCGATACCTTTGG,chr15:13984940,+,40,0,0,0,0,2,43.6,chr15:13984730-13985030
20,TGTGTACCTGGTGTCTCCAGCGG,chr1:59007628,-,55,1,0,0,0,7,70.4,chr1:59007435-59007735
7,GGCGACAGCAGCCGGTATGTTGG,chr22:18749386,+,65,0,0,0,0,0,42.51,chr22:18749350-18749650
7,AGACAGCCGCATAGCTAATATGG,chr17:20569925,+,45,0,1,0,0,0,36.72,chr17:20569636-20569936
9,TAAAATATCCACGGAGGTAGTGG,chr6:46406432,-,40,1,0,1,0,1,48.35,chr6:46406430-46406730
19,CGGCTCGTGGCAGATTGATGAGG,chr21:20714877,-,60,0,0,0,0,4,55.74,chr21:20714871-20715171
8,CAAAAGGGACGGGCAACTTCCGG,chr6:49098407,-,55,0,1,0,0,2,36.82,chr6:49098293-49098593
10,ATAACTGTAGCATGCTGGATGGG,chr6:43233770,-,40,0,1,0,0,5,53.35,chr6:43233532-43233832
16,CACCCCCCTGGCATGGGCTCAGG,chr9:14137264,+,75,0,0,0,0,1,35.67,chr9:14137118-14137418
30,TCACCAAGGCTGCATTTATTTGG,chr10:7593086,-,40,1,3,13,9,>=1,23.18,chr10:7593073-7593373
20,CTTTTTTAATCAGCTCCTTTAGG,chr8:22277319,-,30,0,0,0,0,23,30.88,chr8:22277070-22277370
7,GGTTGAGACAGGAGTGCTTCTGG,chr9:13962882,-,55,0,0,0,0,0,27.89,chr9:13962844-13963144
2,CGGTGTACCTGGTCACTGTGAGG,chr21:45363721,+,60,0,0,0,0,0,66.63,chr21:45363722-45364022
30,TTTAGAGGAGGTGCTACAGGTGG,chr16:31718004,+,50,0,0,0,0,4,68.84,chr16:31717722-31718022
14,GCGACTGTCCGTCTGGTTCACGG,chr19:711970,-,60,1,0,0,0,0,43.84,chr19:711800-712100
24,TCCTCCGTTATTGTCCTCCGAGG,chr6:48956,+,55,0,0,0,0,2,62.04,chr6:48705-49005
29,GGCTTTTAAATGCGTATTTTTGG,chr25:29688841,+,30,0,0,0,1,11,14.7,chr25:29688567-29688867
28,TAGGTGTTTTTTTATTCATGAGG,chr7:48251369,+,25,0,0,0,0,27,51.96,chr7:48251086-48251386
11,CGACGAACTTCTTGTTGTTTTGG,chr14:49133268,+,40,0,0,0,0,0,20.71,chr14:49133236-49133536
7,AAGTTCCCCGTGTGGACCAGCGG,chr3:31875032,-,60,0,0,0,0,1,62.19,chr3:31874943-31875243
10,GTATGATCATCGCTCATCTGCGG,chr3:39579502,-,45,0,0,0,0,4,65.24,chr3:39579271-39579571
12,CATCGTGTAATAATAACTTCCGG,chr23:37113458,-,30,0,0,0,1,1,51.21,chr23:37113269-37113569
1,CGAGCGATATCATATATTGTTGG,chr12:48816262,-,35,0,0,0,0,0,43.11,chr12:48816043-48816343
7,TTACAGCGATTGCGCGTCATTGG,chr21:30662339,+,50,0,0,0,0,2,46.78,chr21:30662192-30662492
13,TACACGGGTCCTAGTTATCTTGG,chr3:45365080,+,45,0,0,0,0,3,32.95,chr3:45364947-45365247
11,AATGTGTGCACTTTCAGGGCTGG,chr8:38355480,-,50,0,0,0,0,9,46.66,chr8:38355410-38355710
7,GCTCGCGGGGAGTGTGGAAGTGG,chr8:21195480,-,70,0,1,0,0,0,46.17,chr8:21195246-21195546
37,CGACAAGCCCCGCCCCTCCGTGG,chr14:32631552,+,80,0,1,0,0,11,64.5,chr14:32631370-32631670
7,GTCCAGTGCGCACGCGGCGGAGG,chr10:38775516,-,80,0,0,0,0,1,33.64,chr10:38775251-38775551
9,ATGTCCGCTCTTAAAATACCGGG,chr14:34044286,+,40,0,2,0,0,2,54.84,chr14:34044267-34044567
4,GCCGCAGACTCCGCCCCACCGGG,chr3:5228177,-,80,0,0,0,0,0,53.23,chr3:5227986-5228286
18,CTTCAGAAGTTCACTTGTTTGGG,chr20:23876250,+,35,1,0,0,1,12,25.68,chr20:23876134-23876434
14,CGCGGGCTGGCGCTGGGAGCGGG,chr8:1267094,+,85,0,0,0,0,0,29.84,chr8:1267045-1267345
11,GTTTATTGTTTCATGGCGTTCGG,chr2:16596872,+,35,0,0,0,1,3,40.14,chr2:16596861-16597161
8,TTCCATCAAACCCCTCCCCCCGG,chr3:12554717,-,60,0,0,0,0,1,55.48,chr3:12554629-12554929
25,CAGGTGAGTAGATTTTGTTCAGG,chr24:8732538,-,40,0,0,0,0,14,42.47,chr24:8732391-8732691
20,GGCGTGCGCCTCCTCTCCATCGG,chr3:34149362,+,70,1,0,0,0,2,47.21,chr3:34149183-34149483
3,TTGCAACTTAATCCGTTTCTGGG,chr25:22889375,+,35,0,0,0,0,0,28.71,chr25:22889347-22889647
13,TTAGCAGAGAGCGACTGCGGGGG,chr20:26391892,+,60,1,1,0,0,3,72.02,chr20:26391798-26392098
25,GTTTTTAAATTAGTTTTGCCTGG,chr7:71534955,+,25,0,0,0,0,12,49.38,chr7:71534967-71535267
18,CCAGTGCGGCGGAGGAGGCTCGG,chr13:226073,+,75,0,0,0,0,2,46.51,chr13:226065-226365
20,ATTGGTAACGCTCCTCAAGGTGG,chr20:29565941,+,50,0,0,0,0,2,62.67,chr20:29565771-29566071
17,ACCCAGTCCGCCTGCTGCTGCGG,chr24:9412512,-,70,1,0,0,0,3,54.85,chr24:9412286-9412586
2,CTGATACATAGGCAGGGCGTAGG,chr3:18840856,-,55,0,0,0,0,0,53.14,chr3:18840752-18841052
16,AGAAACAAAAATACCTGAGCAGG,chr23:17003397,+,35,0,1,0,1,20,52.58,chr23:17003385-17003685
18,CAATGTGAGGTTAAAAGAGCTGG,chr21:38618609,-,40,0,1,0,0,4,45.27,chr21:38618544-38618844
2,ATGGCAGTAACGCGACGATTTGG,chr14:30905425,-,50,0,0,0,0,0,42.94,chr14:30905203-30905503
2,TAAACAGCGGCTCGGACATGAGG,chr17:51520158,-,55,0,0,0,0,0,60.04,chr17:51519894-51520194
23,ACCATAGGTTGGTTTTAAATTGG,chr19:23982614,-,30,0,0,0,0,6,21.01,chr19:23982325-23982625
5,TTGTTCGTGAATCCCCTTGGCGG,chr5:26138311,+,50,0,0,0,0,0,48.78,chr5:26138168-26138468
24,GCAGAGATGCATACGATGTGAGG,chr18:15373536,+,50,0,1,0,0,3,66.97,chr18:15373525-15373825
29,ATGAATCTGTGCATGACTGCTGG,chr10:5135626,-,45,0,1,0,0,8,46.02,chr10:5135634-5135934
12,CTGGTTCTCCAGGGCGCTGGAGG,chr24:35707506,-,70,3,0,0,1,1,45.03,chr24:35707349-35707649
14,AGGAAGCCAATGGCGGGCGCAGG,chr8:17143400,-,70,1,1,0,0,1,42.4,chr8:17143306-17143606
19,AGTATATAGTGTAGCACCACCGG,chr1:8646925,+,40,0,1,0,0,6,55.07,chr1:8646782-8647082
18,AGATCTCCTGTCCAGGTGTGCGG,chr20:45812169,+,55,1,0,0,0,3,56.56,chr20:45812007-45812307
25,AAGCGGGGCAAAGTCAGACTAGG,chr5:24047244,-,55,1,1,0,0,3,57.23,chr5:24047147-24047447
19,GCATTTTTGATGTATAGTTAGGG,chr25:26753122,-,25,0,0,0,2,10,46.48,chr25:26752976-26753276
8,GCGTGTTAGTTTAGTCACTACGG,chr4:14727002,+,40,0,0,0,0,2,53.31,chr4:14726869-14727169
5,AACATTCCTGTACTCGAGTATGG,chr1:7844517,+,40,0,0,0,0,2,43.12,chr1:7844300-7844600
21,AGAGAGAGAGAGAGACCGCGGGG,chr20:3911604,+,60,0,0,6,225,>=193,66.51,chr20:3911408-3911708
22,GGCGGGAGAAGGACGTGAGGAGG,chr1:54013475,+,70,0,0,0,0,2,57.6,chr1:54013306-54013606
15,ATCTGATACTTTGAACGCGATGG,chr18:22174679,-,40,0,1,0,0,0,46.39,chr18:22174419-22174719
5,ACACGAGAGCGGACGCGCCGCGG,chr5:6854678,-,75,2,1,0,0,0,60.8,chr5:6854381-6854681
11,ATGACGTGTGTTTCCTGGTCAGG,chr15:19990047,-,50,1,0,0,0,4,33.26,chr15:19989947-19990247
10,TCCGACGCCCGCACGCAGAAGGG,chr10:1718431,-,70,0,0,0,0,0,52.27,chr10:1718219-1718519
13,TGTGAGGCCGTCAGGAATGCTGG,chr14:13453190,+,60,0,0,0,0,4,52.93,chr14:13453070-13453370
25,TACGAACATGTACACGTTTTGGG,chr20:28352521,+,35,0,0,0,1,1,25.36,chr20:28352229-28352529
7,TCCGTTCACGTTCCCCGTGTTGG,chr17:15229651,+,60,1,0,0,0,0,29.72,chr17:15229629-15229929
14,TGTTGTTTAGAGACTTGCCCGGG,chr5:20111918,+,45,0,0,0,0,6,54.24,chr5:20111919-20112219
12,AACATTGACCTGACACATCGCGG,chr2:21847941,-,45,0,0,0,0,1,71.86,chr2:21847666-21847966
3,TATCTGAGTGTAAGGGGTCTGGG,chr5:69041098,+,45,0,0,0,0,0,48.18,chr5:69040953-69041253
21,TCTGCACAGCTCGGCCTGCGGGG,chr13:25449762,-,70,0,0,0,0,3,55.59,chr13:25449530-25449830
25,GTTGACGTTCCTTTTTTTCTTGG,chr24:26485261,-,35,0,0,0,0,13,34.08,chr24:26485140-26485440
15,AAGTGTTTCAGTGCGTGGACAGG,chr4:9836483,-,50,0,1,0,0,2,47.93,chr4:9836343-9836643
9,AGGCTAAATATCCAACACCATGG,chr25:4855493,+,40,0,0,0,1,4,63.0,chr25:4855412-4855712
14,CGCCTTTCTTCGCGATTCCCGGG,chr24:26632049,+,60,0,0,0,0,0,39.36,chr24:26632033-26632333
21,CCAGTGATTGGAGGAGATTTTGG,chr11:8167861,+,45,0,0,0,1,7,29.17,chr11:8167723-8168023
19,GCTGGACTCCAGTTTCCCGTTGG,chr25:35152142,-,60,0,0,5,10,3,56.91,chr25:35152120-35152420
39,GAAGAGAGGGAAGGAGGTGGGGG,chr12:31673494,-,60,0,0,0,2,44,36.62,chr12:31673439-31673739
2,GCGTGCTTTACTATGAAACGCGG,chr5:39099155,+,45,0,1,0,0,0,77.52,chr5:39099155-39099455
17,TATATTTGAAAAGGCTGATTCGG,chr15:18209769,+,25,0,0,0,0,20,36.6,chr15:18209536-18209836
20,TCAACTCTCTCTACTCATAGCGG,chr24:7957543,-,40,0,0,0,0,3,65.4,chr24:7957374-7957674
5,AGGCAGCCCTCATGCGCGGTGGG,chr5:38200722,+,70,0,1,0,0,0,49.0,chr5:38200691-38200991
26,CATATTTGGGAAGATGGTAAAGG,chr23:36418208,+,35,0,0,0,1,13,47.73,chr23:36417911-36418211
21,AGAGCGCTGGAAATGGTGTTGGG,chr6:42418265,+,50,0,0,0,2,3,59.42,chr6:42418035-42418335
19,AGCTCGAGCGCACCTGCTGAAGG,chr21:38817814,-,65,0,0,0,0,2,45.2,chr21:38817689-38817989
1,ACGTTGAGGCGGGAACAACGGGG,chr22:2510832,-,60,0,0,0,0,0,75.51,chr22:2510736-2511036
14,TGGGAAGGGCGGAAAATCACGGG,chr2:42492432,-,55,0,0,0,0,1,53.31,chr2:42492343-42492643
19,AGAAATGATGTTTTTATTTTTGG,chr25:20730913,-,15,0,0,1,4,112,14.96,chr25:20730647-20730947
30,CTTTATGCAGTGTAGCCTTGCGG,chr12:22237855,+,45,0,1,0,0,9,64.65,chr12:22237854-22238154
9,GGCTCTCCAACTATTTAAGCAGG,chr5:67911129,-,45,0,0,0,0,1,47.98,chr5:67910962-67911262
7,GGGAGTGGACTGTACATTTGCGG,chr16:26774109,-,50,0,0,0,0,3,55.44,chr16:26774075-26774375
25,GTCAGGAAACATGGGAGAGAAGG,chr20:40150585,-,50,0,0,0,0,5,46.64,chr20:40150478-40150778
4,TGAGTTAATTACCTAAACAGAGG,chr11:8126048,+,30,0,0,0,0,2,63.88,chr11:8126066-8126366
28,ATTGCTATAAAACATTTTAAAGG,chr23:31000091,-,15,0,0,0,9,114,25.68,chr23:31000097-31000397
21,CAGTCATACTTCGCATAAAGTGG,chr18:21929245,+,40,0,1,0,0,3,50.78,chr18:21929226-21929526
8,CTCTGGATTCTGCTGGAGAAAGG,chr4:61690971,-,50,0,0,1,21,41,40.39,chr4:61690851-61691151
29,GATATTATGCTTTTAAAATGTGG,chr24:26995308,+,20,0,0,0,16,>=20,52.43,chr24:26995012-26995312
7,AGAGGTAATAAACCAAACGGCGG,chr3:61221302,+,40,0,0,0,0,1,76.03,chr3:61221025-61221325
5,AATAGCTCGTCCTATTGACTCGG,chr5:24047158,+,40,0,1,0,0,0,57.05,chr5:24047147-24047447
10,GAGGATCTTTATTTGGCGACCGG,chr22:18319637,+,45,0,0,0,0,1,46.81,chr22:18319498-18319798
31,TGAAAAATAAAAAATAAAAGTGG,chr2:34112100,+,10,0,0,6,68,>=449,56.11,chr2:34111966-34112266
17,TGTCGTTTAGAAACATTATTTGG,chr20:6535543,+,25,0,1,0,0,10,29.25,chr20:6535272-6535572
8,ACAGCGCTGCGCACTTGTTCAGG,chr3:13437762,+,60,1,0,0,1,0,28.93,chr3:13437659-13437959
11,GGCTGTTCGTGCTCATTTATTGG,chr20:52546303,+,45,0,0,0,0,1,18.26,chr20:52546055-52546355
32,GGCTATAATAACTACAACAATGG,chr23:36308559,+,30,0,0,0,0,12,52.46,chr23:36308338-36308638
34,ACTTTTCCTTTGAATGACAGTGG,chr22:19640272,+,35,0,1,0,0,13,60.09,chr22:19640203-19640503
6,CCACTCTGCCTCTCCGTTATAGG,chr21:21514112,+,55,0,0,0,0,0,27.43,chr21:21513911-21514211
9,CCTCTTAGATAGTGAAGGGGCGG,chr7:20523999,+,50,0,1,0,0,2,57.03,chr7:20523920-20524220
1,CTCTATTGGAGGGTTAGCGTGGG,chr11:41853948,+,50,0,0,0,0,0,48.22,chr11:41853700-41854000
10,GAAGGAAAGTAAGAGTTGCTCGG,chr3:27798149,-,40,0,0,0,0,4,67.21,chr3:27798056-27798356
23,ATTACCGCCACCAACTGTACTGG,chr7:72612480,-,50,0,0,11,24,152,49.49,chr7:72612417-72612717
31,ATTTACAGCTATGTCTTCCAAGG,chr25:20381105,-,35,0,0,0,0,9,58.25,chr25:20381104-20381404
23,CCAAAGCGCATCTAAACCAGAGG,chr8:4697793,+,50,0,0,0,0,9,70.01,chr8:4697598-4697898
12,CGGGCCCGGAGGCGCAGAGGAGG,chr25:150620,-,85,0,0,0,0,0,39.83,chr25:150350-150650
15,GCTCGGTGAGTGAAAGTCTGTGG,chr19:31686220,-,55,0,1,0,0,2,67.69,chr19:31686140-31686440
21,CTCCCTCCCTCCCTCATATAAGG,chr19:4912774,+,55,0,0,0,1,4,30.0,chr19:4912671-4912971
10,GCTCTGTGAGGGTGACAGAAGGG,chr25:6123101,-,55,1,0,0,0,2,65.29,chr25:6122832-6123132
25,GCCGGAAGTTCAGGAATAGCCGG,chr10:44903608,-,55,0,0,0,0,4,54.69,chr10:44903528-44903828
4,GTTTCCTAAGCGTGTTAACAGGG,chr16:24195265,+,40,0,0,0,0,0,51.17,chr16:24195104-24195404
8,TTCTACATGGTGTCACGCTCAGG,chr16:49647589,+,50,0,0,0,0,2,38.56,chr16:49647289-49647589
10,GAGACGGGGGCGGGGGCCTTGGG,chr3:32526345,-,80,0,1,0,0,0,28.02,chr3:32526125-32526425
26,TTAACAAAGTTTAGCGTTTTGGG,chr7:58746108,+,25,0,0,0,0,15,21.84,chr7:58745830-58746130
14,CCCCCCGATGTTGTTGTGTCTGG,chr5:35200670,+,60,0,1,0,0,2,40.71,chr5:35200541-35200841
9,AGGCCAAGGCAGGTGGCCCTGGG,chr23:20110143,+,70,2,0,0,0,1,43.62,chr23:20110024-20110324
12,GGAGTGTGGAGCGCAGAGTTTGG,chr14:24761208,-,60,0,2,0,0,2,32.72,chr14:24761016-24761316
4,TCGATTGATTGTGTTGGCCTGGG,chr22:17688625,-,45,0,0,0,0,1,46.56,chr22:17688629-17688929
19,CAGTCTGAACCGGTTTCAACCGG,chr1:53685106,-,50,3,1,0,0,2,48.83,chr1:53684917-53685217
14,CCATGTCGGAGTCGCTGTCCTGG,chr25:21894161,+,65,0,1,0,0,1,41.31,chr25:21894126-21894426
7,GTCAGGAACTAAGCAACAATAGG,chr9:22272127,-,40,0,1,0,4,9,47.75,chr9:22271920-22272220
31,TTTTTTTTTTGTTTTTTTGCTGG,chr13:33638944,-,15,0,3,328,262,>=0,26.46,chr13:33638869-33639169
9,TCGTGCCTCTACTGATGTCCCGG,chr1:31725120,-,55,0,0,0,0,1,57.33,chr1:31725012-31725312
22,TTTTAGTATTATTTGAATAACGG,chr1:25486630,+,10,0,1,0,0,68,34.71,chr1:25486355-25486655
29,AACCGATCGAGCCAGTGGCGAGG,chr14:31618166,+,65,1,1,1,8,155,62.38,chr14:31618059-31618359
11,CATTCTTCTTTTTTCGTAGAGGG,chr1:27868258,-,30,0,0,0,0,3,37.79,chr1:27868152-27868452
8,GCGATTGGCGGGAGCGCGCTCGG,chr16:54498142,-,75,1,0,0,0,0,38.71,chr16:54497994-54498294
23,TGCAGAAATACAATTAGAGCAGG,chr6:7717491,+,35,0,0,0,0,11,54.07,chr6:7717341-7717641
7,GTCTGTTTATCACGCTTCTTCGG,chr7:19528283,+,40,0,1,0,0,4,27.93,chr7:19528167-19528467
16,AACGCGTCTTGAGCACTCGCTGG,chr10:10016210,+,60,0,1,0,0,2,38.8,chr10:10016197-10016497
26,AATGGAAGAACCGATAGAGACGG,chr13:33282189,+,40,0,0,0,1,6,61.43,chr13:33281953-33282253
50,AATATCCAAAAGCAACATCAAGG,chr2:11757040,-,30,0,0,0,0,12,63.45,chr2:11756750-11757050
14,AGCTCCACCAGCAGGGGGCGCGG,chr13:13033817,-,75,0,1,0,0,0,46.28,chr13:13033736-13034036
11,CTGCAGGAAGGGAATTATTAAGG,chr17:40879326,+,40,0,0,0,0,3,32.74,chr17:40879218-40879518
3,CGACCGATATCAAAAAATGACGG,chr5:9540775,+,35,0,0,0,0,0,62.92,chr5:9540499-9540799
3,ACCCTCCCCTGAAGCGCACCCGG,chr12:43664681,-,70,0,0,0,0,0,50.8,chr12:43664533-43664833
15,TATATTGAACTTCAATTTCCAGG,chr11:2416089,+,25,0,0,0,0,9,29.46,chr11:2416004-2416304
15,CTCGTGCAGGGCTCAAGCAGGGG,chr17:23549218,+,65,0,2,0,0,3,55.62,chr17:23549025-23549325
18,ATCTGTGTTGAGTCTCCAAGGGG,chr7:38897918,-,45,0,0,0,0,4,71.32,chr7:38897786-38898086
21,ATAAGGCATAAAGAATTACGCGG,chr20:29787277,+,30,0,0,0,0,3,74.5,chr20:29787076-29787376
15,TTCACATTATTACTACTTTATGG,chr25:36096345,+,20,0,0,0,6,14,18.96,chr25:36096289-36096589
2,TCCAGATCAGATCGCGCGGACGG,chr21:30168877,-,60,1,0,0,0,0,58.25,chr21:30168796-30169096
15,TCCTTCTCTTCTTCGCGGCTCGG,chr19:11014708,-,55,0,0,0,0,5,41.12,chr19:11014595-11014895
24,ATTATTATGCAGCGCGTCCGCGG,chr14:6402916,-,50,1,0,0,0,2,56.69,chr14:6402857-6403157
7,CTAAATCTTCAAACCACTGATGG,chr16:33001255,-,35,0,1,0,0,2,49.82,chr16:33000964-33001264
7,GCAGCAGAAGCCGCGACTGGAGG,chr7:5530050,+,70,0,1,0,0,4,57.73,chr7:5529831-5530131
21,GGATAATAGAGCCTCAAAAGGGG,chr1:51157583,-,40,0,0,0,0,3,65.19,chr1:51157344-51157644
18,AAGAGGCAAAACAGGCGGTAAGG,chr25:36328572,+,50,0,1,1,2,15,56.32,chr25:36328378-36328678
21,ACAGATAAAATGTTTGCTGATGG,chr21:13786030,+,30,0,0,0,2,13,50.0,chr21:13785828-13786128
21,CAGCCCACTGGATTGTTAGATGG,chr20:34151753,+,50,0,0,0,0,2,46.02,chr20:34151595-34151895
10,TGGTCCACACCCGAACAGGATGG,chr11:12719868,-,60,0,1,0,1,0,64.9,chr11:12719839-12720139
17,AGAAGAGGGCTTTTGTATGCTGG,chr18:22109310,+,45,0,1,2,0,6,44.6,chr18:22109237-22109537
5,TTGAAGTTCCTATAAGCGTAGGG,chr7:59169033,-,35,1,0,0,0,1,56.77,chr7:59168972-59169272
17,TTTTTATAAGATGTGTGCCGAGG,chr16:54829327,-,35,0,0,0,1,6,59.96,chr16:54829134-54829434
24,CTCCAGCTGAAGGTGGAGACCGG,chr25:37366661,+,60,2,0,0,0,10,53.74,chr25:37366638-37366938
16,TACTCCGAAAAAAAACCTGATGG,chr14:38786198,-,35,0,1,0,0,7,55.32,chr14:38786174-38786474
18,AGACGACGAAATAAAGTTGTTGG,chr10:32646517,-,35,0,0,0,0,2,43.69,chr10:32646252-32646552
10,TCTGGAATGCGCGCTTGTTGCGG,chr17:52659176,-,55,0,0,0,0,0,51.22,chr17:52658875-52659175
15,GCGCTGCTCTGCAGATCAACAGG,chr13:24579111,+,60,1,0,0,0,3,40.55,chr13:24578951-24579251
41,CGTCATGGGGGAAGGAGGGGAGG,chr7:24236324,-,70,0,0,0,0,12,43.49,chr7:24236133-24236433
13,ATTAATATTCTCATTCCACTCGG,chr24:19718044,-,25,0,0,0,0,5,59.94,chr24:19717896-19718196
19,AGGAAAACAAAGAATGGCTCAGG,chr15:20239248,+,40,0,1,0,0,7,48.81,chr15:20238968-20239268
5,GTGGCTGAGACAGGTTAGTTTGG,chr19:5352095,+,50,0,0,0,0,0,42.38,chr19:5351831-5352131
13,GTCAATAGGAAGTCCCCATTGGG,chr22:11829409,-,45,1,0,0,1,11,46.82,chr22:11829262-11829562
21,TCTACTGGCCCGCGGTCCTATGG,chr10:2682168,+,65,0,0,0,0,2,42.92,chr10:2682179-2682479
21,TGCGTTTCTGCCAGTGGCCGCGG,chr14:33297342,-,65,1,0,1,0,3,44.23,chr14:33297162-33297462
28,CGTGTGATGACGGAGATGAATGG,chr14:32884213,+,50,0,0,0,0,3,56.46,chr14:32883941-32884241
8,GGTTTCGTCCAAGAACACAGCGG,chr7:29167650,+,50,0,1,0,0,2,81.04,chr7:29167420-29167720
28,TCTACATTTGAATTACATCATGG,chr11:10541329,+,25,0,0,0,4,46,58.34,chr11:10541100-10541400
2,CGCGCAGCGCGCTGTCAGAGCGG,chr10:34033416,+,75,3,1,0,0,0,54.59,chr10:34033274-34033574
22,GTGAATCTGAGATGCTGTCCGGG,chr6:48094368,+,50,0,0,0,0,5,51.31,chr6:48094226-48094526
1,GACTTGCTGTTGCAGGCGGAAGG,chr14:38878411,-,60,0,0,0,0,1,56.09,chr14:38878345-38878645
12,CGTGTTCTCGGAGCCTGCGTTGG,chr19:46309709,+,65,0,0,0,0,1,48.3,chr19:46309418-46309718
20,GCACATTACCGAACGTCAGCAGG,chr21:34658230,-,55,0,1,0,1,0,56.03,chr21:34658137-34658437
15,TTAGACTCATCTTTGTGTTCCGG,chr20:13781758,-,35,0,0,0,0,1,34.7,chr20:13781564-13781864
39,TTACGGAATAAAAGACAGAAAGG,chr2:48303288,+,30,0,0,0,0,16,64.83,chr2:48303004-48303304
28,GGCTTTATCTGCACTTATGGTGG,chr19:20200839,-,45,0,0,0,0,6,48.24,chr19:20200843-20201143
4,TTTCACGTGAGGCGAGAACGAGG,chr25:34973147,+,55,0,0,0,0,1,72.46,chr25:34973053-34973353
22,AATGTATATTTTTTGGAAGTAGG,chr10:5022227,-,20,0,2,0,4,42,46.18,chr10:5021978-5022278
16,ATCAAGCTGAAGGCATTTCCAGG,chr12:36891631,-,45,0,1,0,0,5,34.04,chr12:36891380-36891680
3,GTGCGTTTCTTCCACCTACTGGG,chr14:6228998,-,50,0,0,0,0,1,40.31,chr14:6228908-6229208
14,GCTCTTAGGGGAATGGTGAGCGG,chr10:19554689,+,55,0,1,0,0,3,66.8,chr10:19554525-19554825
21,CTCTTGACTTGACTGTGTGCTGG,chr3:57779883,-,50,0,0,0,0,1,49.33,chr3:57779663-57779963
3,TTCCAGGCAAGGAAGCTACAAGG,chr16:17162789,-,50,0,0,0,0,2,59.02,chr16:17162672-17162972
23,GTGTGTGTGTGAAGGGGGTTTGG,chr25:348842,-,55,0,0,2,23,230,36.0,chr25:348609-348909
21,ATATTTAGTGGATGCCGGTTCGG,chr7:26132625,-,40,0,0,0,0,1,43.71,chr7:26132493-26132793
45,CAGACCGCCCGTAAATCCACCGG,chr7:73845699,-,60,0,9,12,7,5,58.73,chr7:73845622-73845922
25,ATTGTCTTCGTAAATATAAACGG,chr23:31913156,-,20,0,0,0,1,14,39.0,chr23:31913111-31913411
21,CACCCAGAACCTACAGACTCGGG,chr7:61683674,+,55,0,0,0,0,2,48.71,chr7:61683479-61683779
10,AACCTGAACCGCAGCAGCAGAGG,chr12:35505533,-,60,0,0,0,0,3,55.45,chr12:35505426-35505726
16,GACAGACATAATTGTGTCAAGGG,chr21:40417145,-,35,1,0,0,0,5,57.21,chr21:40416938-40417238
24,TCTTGAGCAGCTCTGCTGAGAGG,chr9:23217288,-,55,5,0,0,0,5,57.31,chr9:23217052-23217352
20,TATACCAGTAGTAAAAGGGAGGG,chr8:10304929,-,35,0,0,0,0,2,62.21,chr8:10304832-10305132
2,GCTTCGATTGACGAAGTAACCGG,chr9:30555602,-,45,0,0,0,0,0,53.46,chr9:30555533-30555833
42,GGTTGTTTTAAGAGGGGGTTTGG,chr21:37972591,+,45,0,0,0,4,202,37.31,chr21:37972356-37972656
12,CCTGAGATGTCATGAGAGTGTGG,chr11:23932679,+,50,0,1,0,0,6,64.43,chr11:23932673-23932973
18,TGCAGGCAGAGAGAAACAGGAGG,chr7:34413322,-,55,0,0,0,2,19,69.83,chr7:34413199-34413499
18,AAAGCAGCTCCGATATCTTTCGG,chr8:36617970,-,40,1,0,0,0,8,32.15,chr8:36617924-36618224
19,CACAGATCGTGTGACTTTTGTGG,chr8:8947706,+,45,1,0,0,0,5,39.52,chr8:8947478-8947778
16,AGAAATAAAGTGTATTTATATGG,chr10:20106127,+,15,0,2,2,1,94,29.46,chr10:20105866-20106166
12,AATCCGATCATATATGTCAGTGG,chr6:3281034,-,35,0,0,0,0,2,64.89,chr6:3280763-3281063
3,CTCGGAGCCGCAAAACCGGCCGG,chr6:49742315,+,70,1,1,0,0,0,52.99,chr6:49742112-49742412
10,GAGGGTGGCAGGTCGCTTTTTGG,chr24:21640713,-,60,0,1,0,0,3,27.93,chr24:21640559-21640859
24,GAGAAGAAGAGCGAAATCAACGG,chr13:24447304,-,40,0,0,0,0,11,54.31,chr13:24447303-24447603
7,CGAGCTGAGGACGAACAGAAAGG,chr6:18366257,-,55,0,2,0,0,3,61.92,chr6:18366152-18366452
12,TCACCCTTCACCGTCATATCAGG,chr6:37422796,-,50,0,0,0,0,2,41.33,chr6:37422798-37423098
29,GATCCAGCCCTCCATTCCTCTGG,chr21:15674917,+,60,0,0,0,0,5,45.29,chr21:15674653-15674953
3,TTTCTGATGTGTGATGGCGAGGG,chr16:13595087,+,45,0,1,0,0,0,60.53,chr16:13594877-13595177
17,GCGTTGGGTGTGGGATTGTGCGG,chr23:20518395,-,60,0,1,0,0,5,64.18,chr23:20518336-20518636
16,ATTATTTACTCATGTTGAATAGG,chr6:41085301,-,20,0,0,0,0,36,36.37,chr6:41085262-41085562
5,CACTCAAAGCATTTGGGTACAGG,chr5:49755316,+,45,0,0,0,0,0,41.01,chr5:49755158-49755458
30,ACATCTCTGAAGCCAGGAAGTGG,chr12:7234947,-,50,0,0,0,0,5,49.83,chr12:7234949-7235249
17,GGAGGAGATGTCAATCACATTGG,chr4:16124557,+,45,0,0,0,0,3,61.42,chr4:16124282-16124582
25,CTGGGCAAATTTGAGCTCACTGG,chr10:29852644,+,50,0,1,4,1,4,37.21,chr10:29852462-29852762
8,CGGAGTAACACGGGGACGGGTGG,chr1:44838716,+,70,0,0,0,0,0,43.15,chr1:44838541-44838841
33,TGGAGATTCCATAGTGGGAAGGG,chr25:31405188,-,45,1,0,0,0,21,57.03,chr25:31405138-31405438
36,TTGTGTTGGGATAAATCCAGAGG,chr17:50261685,-,40,1,0,0,1,9,64.22,chr17:50261452-50261752
25,GAATGTGTAGAATAAGGAAGAGG,chr1:41498334,+,35,0,0,0,1,5,55.41,chr1:41498041-41498341
5,GTGGACTGAGTGGGTTTTTATGG,chr17:51223899,-,45,0,0,0,0,3,18.64,chr17:51223606-51223906
51,GGAGTGGACGGTGAGGCTCTCGG,chr21:38717765,-,65,0,0,0,1,6,39.09,chr21:38717665-38717965
4,AACCGAGCTTTATCTCTCGGCGG,chr4:5247120,-,50,1,0,0,0,1,71.02,chr4:5247142-5247442
5,ACTTGGAAGTCCCGTAATCTGGG,chr23:5759195,+,45,0,0,0,0,0,48.68,chr23:5759111-5759411
14,GGCGGACTTTTTCAAAATGGAGG,chr17:43428362,-,45,0,0,0,0,7,58.91,chr17:43428239-43428539
16,CTGATTGGCTGATGCCTAGGTGG,chr3:30186343,-,55,0,0,0,0,8,54.97,chr3:30186148-30186448
10,CGCGGAGCGGGTTTGTGGGTTGG,chr3:26244470,+,70,0,0,0,0,0,36.06,chr3:26244202-26244502
18,AATGATCGATTGCTCTAGTCTGG,chr17:23926838,+,40,0,0,0,0,2,41.12,chr17:23926705-23927005
9,GTGCAGCTGATCGGCTTCCCGGG,chr7:41881116,+,65,0,0,0,0,1,50.35,chr7:41880995-41881295
13,AGCCAGACTGAAGCGCATCCGGG,chr10:24690832,-,60,0,0,0,0,3,50.48,chr10:24690565-24690865
7,GTCAGTCCTCGTTTTCCTCTTGG,chr9:8380622,+,50,0,0,0,0,6,37.72,chr9:8380583-8380883
36,GTGTGGGAAAGAATGCAGAGAGG,chr23:23401335,-,50,0,1,0,1,6,77.51,chr23:23401125-23401425
1,GATGAGCGCTGATAGGGGCGGGG,chr6:6258592,+,65,0,1,0,0,0,54.58,chr6:6258304-6258604
2,TAGAGAATTTAAGTCATGGCCGG,chr21:20901586,+,35,0,1,0,0,0,61.23,chr21:20901369-20901669
3,GGGATCTTGAAGCGTCCTCAAGG,chr13:41916979,+,55,0,1,0,0,0,58.99,chr13:41916880-41917180
20,GCTCTGTTTGTTGTCTGGCCTGG,chr10:10801607,+,55,0,1,0,0,6,32.33,chr10:10801537-10801837
2,CGAGTGTGACACGTCGCGACTGG,chr14:35853675,-,65,1,0,0,0,0,57.49,chr14:35853512-35853812
1,GTAAGCGGTTCTAGAACGTAAGG,chr2:17114952,+,45,1,0,0,0,0,62.08,chr2:17114668-17114968
5,GCCACCGATCGCCCCCTAAAGGG,chr4:5831654,-,65,1,0,0,0,0,42.57,chr4:5831386-5831686
22,TCTATACTACATGTCTATGTCGG,chr12:27022646,-,30,0,0,0,1,19,55.7,chr12:27022379-27022679
10,TTAGGAGCTGGTGAACATGCTGG,chr11:40678526,+,50,0,0,0,0,6,55.72,chr11:40678470-40678770
6,AAAAATGGTTCGGAACTAAATGG,chr5:53581513,+,30,1,0,0,0,6,36.87,chr5:53581337-53581637
2,AAAACACTACCCCAGGCGAGAGG,chr23:27052087,+,55,0,1,0,0,0,64.54,chr23:27051825-27052125
10,ACCCCAAAACATGACGCTTCAGG,chr2:5841051,+,50,0,0,0,1,2,36.82,chr2:5841020-5841320
8,AGCCCACTGCGTCTCATTTCAGG,chr5:34993249,-,55,0,1,0,0,0,11.93,chr5:34993078-34993378
3,ATTAAAATATTTCCAACAACAGG,chr4:39055150,-,20,0,3,7,4,14,39.8,chr4:39054873-39055173
14,TACTGTAATAGTAGTTGGGCGGG,chr21:38312464,+,40,0,1,0,0,1,54.03,chr21:38312409-38312709
21,AGCAAAGGTCGTGTGGACGAAGG,chr2:10147174,-,55,1,0,0,0,2,62.06,chr2:10146954-10147254
25,TCTCTTGTGTTTGATTTTAACGG,chr6:40832692,+,25,0,0,0,3,32,26.07,chr6:40832510-40832810
11,GCTCCTGAATACTGCGCGCGCGG,chr24:38384462,+,65,0,0,0,0,1,59.77,chr24:38384283-38384583
1,CTACACATGACCGGTAACGGCGG,chr12:466198,-,55,0,0,0,0,0,74.92,chr12:465973-466273
2,TGGTTAACGTTTAACCTCGCCGG,chr12:6177929,-,45,0,0,0,0,0,53.5,chr12:6177690-6177990
23,TTTATTCAGCGCTTCAGCCGCGG,chr22:37888361,-,50,0,0,0,0,6,57.21,chr22:37888076-37888376
12,TTGCAAATGTGCCAGAGCGGGGG,chr16:11242547,-,55,0,0,0,0,3,63.2,chr16:11242263-11242563
8,GACTTACATCTAAATAAAGGAGG,chr6:25261199,+,30,0,0,0,0,3,65.3,chr6:25261150-25261450
8,TTCTCTTCCTTAAGATATGAGGG,chr24:8732400,-,30,0,0,0,0,4,42.34,chr24:8732391-8732691
3,CAGAGTGGACTGCGTTCTTTAGG,chr11:33618576,-,50,0,0,0,0,0,32.75,chr11:33618415-33618715
17,TTTTTGCAGCAAAAGACAGCAGG,chr21:19070882,+,40,1,0,0,2,13,54.91,chr21:19070730-19071030
19,CAAAACAGACAGCGCGGGGGTGG,chr3:59880359,+,65,0,0,0,0,4,39.97,chr3:59880059-59880359
1,GCTGTTGCCAGATATCGAAGAGG,chr5:20454000,+,50,0,0,0,0,0,72.07,chr5:20453812-20454112
25,GCACTGCATGGGAAAGGTCAGGG,chr2:25840512,-,55,0,0,0,0,6,61.85,chr2:25840415-25840715
13,TGGTGGAGAACGCAGCACGTGGG,chr16:22775573,-,60,0,0,0,0,2,70.97,chr16:22775351-22775651
2,TACGACACCTGTCGGCATGGAGG,chr12:19348484,-,60,1,1,0,0,0,67.8,chr12:19348428-19348728
8,GAACTTCGCGTCCTCCGCTCTGG,chr10:35002740,-,65,0,0,0,0,1,44.32,chr10:35002633-35002933
43,AATATGAAATCAACCACGAGAGG,chr14:35024039,-,35,0,0,0,0,12,67.34,chr14:35023802-35024102
16,CTTTACATTTATAAGTCCCTCGG,chr19:2318340,+,30,0,0,0,0,3,57.03,chr19:2318220-2318520
18,CAGAATGATTCATTCATAATCGG,chr13:35842612,-,25,0,0,0,1,8,28.33,chr13:35842437-35842737
45,CAACAGCATCTGTCACCTTAGGG,chr2:11756731,+,45,1,0,0,0,6,37.13,chr2:11756750-11757050
32,CTCTCGCACACACACTTACTTGG,chr1:45840068,-,50,0,0,0,1,18,36.76,chr1:45839786-45840086
8,TATGCTCGTGAAGGCGGACGTGG,chr1:20635137,-,60,0,1,0,0,1,47.87,chr1:20635090-20635390
23,ATTTGACCTCCTAAACACTGTGG,chr7:46020563,+,40,0,1,0,0,6,76.15,chr7:46020334-46020634
18,CGGAGGTGGGTGGGACTGTTTGG,chr2:4074168,-,65,0,0,0,0,2,19.48,chr2:4074049-4074349
1,TCTGTACTACCGAGCATGCGCGG,chr25:32496691,-,55,0,0,0,0,0,69.94,chr25:32496597-32496897
21,GCGAGAGCGCTGTGTTGTTTAGG,chr20:31497380,-,55,0,0,0,0,4,31.83,chr20:31497152-31497452
14,GAGACACTGATCATAAGACCAGG,chr23:17509642,-,45,0,0,0,0,3,63.38,chr23:17509520-17509820
4,ACTAACCGACGTTAGCCTCAAGG,chr9:51276823,+,50,0,0,0,0,1,61.74,chr9:51276680-51276980
7,CGGTTGAACGCTTACCTCAGCGG,chr19:43119847,-,55,1,0,0,0,2,69.41,chr19:43119571-43119871
1,TGCGCAAACACGTTCGGCAGTGG,chr17:34963531,+,60,0,0,0,0,0,49.51,chr17:34963392-34963692
17,ACGCGCTCGTCACCCTCAGTGGG,chr14:493102,-,65,0,0,0,0,1,53.75,chr14:492910-493210
25,CTCGAGTCTGCTCTCTCTGTAGG,chr13:11378126,-,55,0,0,1,1,2,54.57,chr13:11377896-11378196
11,CTATCCACAAAATGACACAGGGG,chr6:9970613,+,40,0,0,0,0,4,75.67,chr6:9970608-9970908
10,TCGGACTCCTAGTCGCTAGAAGG,chr8:25091380,+,55,2,0,0,0,0,50.68,chr8:25091320-25091620
25,GGGGACATGCTTTGCATTTTGGG,chr10:4046345,-,45,1,0,0,0,5,13.3,chr10:4046262-4046562
21,GCTTTGACGACCCCGTTCAGCGG,chr22:26702883,+,60,0,0,0,0,3,66.46,chr22:26702841-26703141
10,TGGCTGTAATCCGAAAGGATTGG,chr21:20715021,-,45,1,0,0,0,1,55.91,chr21:20714871-20715171
25,TTCTGGAGTTTAATGTGTCTAGG,chr18:16721768,-,35,0,1,0,0,6,50.26,chr18:16721651-16721951
26,AGCTAGGTGCGACATTTCAAAGG,chr24:23974647,+,45,0,2,0,0,3,45.79,chr24:23974361-23974661
14,TAGCAGCAGCATGGCGTGAGCGG,chr4:18606507,-,60,0,0,0,0,5,65.47,chr4:18606389-18606689
24,CACACATGCTGCATGCAGGAAGG,chr14:14224945,-,55,3,0,0,0,12,58.84,chr14:14224936-14225236
9,GTTGAACGTTTTATGGGGGGGGG,chr23:39346768,+,50,0,0,0,0,1,30.83,chr23:39346783-39347083
32,AGAAAGAAACGCGAGTGAGTCGG,chr6:45905638,+,45,0,1,0,2,4,63.77,chr6:45905591-45905891
